"DPTO_CCDGO","MPIO_CDPMP","DPTO_CNMBR","MPIO_CNMBR","IMPORTANCIA","VALOR","PESO_MPAL","CONSUMOS_CANTIDAD"
"05","05001","Antioquia","Medellín","1","54530.6762102131","45.505823200888","0"
"05","05002","Antioquia","Abejorral","5","207.327284398407","0.173014519610654","0"
"05","05004","Antioquia","Abriaquí","7","21.5824627491374","0.0180105548355194","0"
"05","05021","Antioquia","Alejandría","6","100.796517499784","0.0841146456157703","0"
"05","05030","Antioquia","Amagá","4","410.099685961193","0.342227991674794","0"
"05","05031","Antioquia","Amalfi","4","353.693080067505","0.295156706050803","0"
"05","05034","Antioquia","Andes","3","665.576893060654","0.555423598736556","0"
"05","05036","Antioquia","Angelópolis","6","99.5693665884662","0.0830905887675483","0"
"05","05038","Antioquia","Angostura","6","155.18515592971","0.129501938356983","0"
"05","05040","Antioquia","Anorí","5","260.195878061125","0.217133335721074","0"
"05","05042","Antioquia","Santafé de Antioquia","5","300.916324424203","0.251114528723636","0"
"05","05044","Antioquia","Anza","6","95.2335006933169","0.0794723107530448","0"
"05","05045","Antioquia","Apartadó","2","2131.98640029513","1.7791416307498","0"
"05","05051","Antioquia","Arboletes","4","396.754804684678","0.331091694635951","0"
"05","05055","Antioquia","Argelia","7","82.9977739005031","0.0692616026000462","0"
"05","05059","Antioquia","Armenia","7","72.266317505558","0.0603062073741761","0"
"05","05079","Antioquia","Barbosa","3","1014.69619064578","0.846763485494673","0"
"05","05086","Antioquia","Belmira","6","92.3614276673854","0.0770755671873818","0"
"05","05088","Antioquia","Bello","2","4450.20604607349","3.71369481573043","0"
"05","05091","Antioquia","Betania","6","147.545743682892","0.123126852492977","0"
"05","05093","Antioquia","Betulia","5","200.192609030062","0.167060636430184","0"
"05","05101","Antioquia","Ciudad Bolívar","4","336.593127694743","0.280886803979191","0"
"05","05107","Antioquia","Briceño","7","71.2351159048886","0.0594456701319156","0"
"05","05113","Antioquia","Buriticá","7","73.1959215425988","0.0610819614982095","0"
"05","05120","Antioquia","Cáceres","4","432.999489568637","0.361337866826136","0"
"05","05125","Antioquia","Caicedo","6","91.7163763181901","0.0765372721451781","0"
"05","05129","Antioquia","Caldas","3","1082.47523062498","0.90332506192056","0"
"05","05134","Antioquia","Campamento","7","66.0370958151546","0.055107924854629","0"
"05","05138","Antioquia","Cañasgordas","6","137.349189180052","0.114617832640083","0"
"05","05142","Antioquia","Caracolí","7","55.8249055625672","0.0465858569760532","0"
"05","05145","Antioquia","Caramanta","7","63.7811615701707","0.0532253488068036","0"
"05","05147","Antioquia","Carepa","3","1089.09209683741","0.908846833608227","0"
"05","05148","Antioquia","El Carmen de Viboral","4","474.471106709613","0.395945911483369","0"
"05","05150","Antioquia","Carolina","7","62.3034262995459","0.0519921794306613","0"
"05","05154","Antioquia","Caucasia","3","1090.52992580343","0.91004670119227","0"
"05","05172","Antioquia","Chigorodó","3","863.071014551831","0.720232348606945","0"
"05","05190","Antioquia","Cisneros","6","104.843692007755","0.0874920108058316","0"
"05","05197","Antioquia","Cocorná","6","143.079964696077","0.119400162065651","0"
"05","05206","Antioquia","Concepción","7","53.0234662254828","0.0442480571899302","0"
"05","05209","Antioquia","Concordia","5","253.252828151999","0.211339363894616","0"
"05","05212","Antioquia","Copacabana","3","1004.76772296597","0.838478183967301","0"
"05","05234","Antioquia","Dabeiba","5","318.26520362159","0.265592160111269","0"
"05","05237","Antioquia","Don Matías","4","495.165093450553","0.413215033515242","0"
"05","05240","Antioquia","Ebéjico","6","142.805632223604","0.119171231748658","0"
"05","05250","Antioquia","El Bagre","3","1025.9412053043","0.856147444845723","0"
"05","05264","Antioquia","Entrerrios","4","380.39348749368","0.317438183270035","0"
"05","05266","Antioquia","Envigado","2","7245.54435416705","6.04640329608026","0"
"05","05282","Antioquia","Fredonia","5","270.694664402906","0.225894567898926","0"
"05","05284","Antioquia","Frontino","5","192.541508912482","0.160675797043621","0"
"05","05306","Antioquia","Giraldo","7","37.8394414136082","0.0315769957509809","0"
"05","05308","Antioquia","Girardota","2","1683.43246864087","1.40482358944704","0"
"05","05310","Antioquia","Gómez Plata","5","320.389590054563","0.267364959572925","0"
"05","05313","Antioquia","Granada","7","69.8080146292027","0.0582547548003181","0"
"05","05315","Antioquia","Guadalupe","7","61.5074536243076","0.0513279406141005","0"
"05","05318","Antioquia","Guarne","3","1146.10568585015","0.956424646354583","0"
"05","05321","Antioquia","Guatapé","5","272.243747392659","0.227187276912537","0"
"05","05347","Antioquia","Heliconia","6","149.642555725394","0.124876641138982","0"
"05","05353","Antioquia","Hispania","7","55.1753525923165","0.046043805333233","0"
"05","05360","Antioquia","Itagüi","2","6353.91055458581","5.30233531703545","0"
"05","05361","Antioquia","Ituango","5","211.153996845584","0.176207909316488","0"
"05","05364","Antioquia","Jardín","5","185.09342086946","0.154460371136122","0"
"05","05368","Antioquia","Jericó","5","217.359277906722","0.181386213392371","0"
"05","05376","Antioquia","La Ceja","3","558.180949520975","0.465801735248755","0"
"05","05380","Antioquia","La Estrella","2","1265.89396762922","1.0563879101726","0"
"05","05390","Antioquia","La Pintada","6","128.776361415311","0.107463811973072","0"
"05","05400","Antioquia","La Unión","5","252.74552522444","0.210916019844347","0"
"05","05411","Antioquia","Liborina","6","101.479753900031","0.0846848060648021","0"
"05","05425","Antioquia","Maceo","6","92.9188776320867","0.0775407589161484","0"
"05","05440","Antioquia","Marinilla","3","723.978201938411","0.604159463046156","0"
"05","05467","Antioquia","Montebello","6","117.797722912327","0.0983021433963364","0"
"05","05475","Antioquia","Murindó","7","34.6803604529117","0.0289407442011088","0"
"05","05480","Antioquia","Mutatá","5","216.324266691123","0.180522497028274","0"
"05","05483","Antioquia","Nariño","6","140.320683211297","0.1170975429871","150"
"05","05490","Antioquia","Necoclí","3","607.768688418822","0.507182679627996","0"
"05","05495","Antioquia","Nechí","5","311.088181887481","0.259602938908835","0"
"05","05501","Antioquia","Olaya","7","29.5237962466522","0.0246375938387422","0"
"05","05541","Antioquia","Peñol","6","151.053780405141","0.126054307458866","0"
"05","05543","Antioquia","Peque","7","82.655986577545","0.0689763812426055","0"
"05","05576","Antioquia","Pueblorrico","7","81.2775409491491","0.0678260690253865","0"
"05","05579","Antioquia","Puerto Berrío","3","581.038280892378","0.484876167339447","0"
"05","05585","Antioquia","Puerto Nare","4","405.240895623234","0.33817333346302","0"
"05","05591","Antioquia","Puerto Triunfo","5","192.757065197108","0.160855678659983","0"
"05","05604","Antioquia","Remedios","4","454.50542726798","0.379284561544225","0"
"05","05607","Antioquia","Retiro","5","257.523074852953","0.214902882722967","0"
"05","05615","Antioquia","Rionegro","2","3081.94046659346","2.57187784445991","0"
"05","05628","Antioquia","Sabanalarga","7","74.9727822858183","0.0625647509380809","0"
"05","05631","Antioquia","Sabaneta","2","2469.30943675158","2.06063754324133","0"
"05","05642","Antioquia","Salgar","5","187.80770668097","0.156725441346861","0"
"05","05647","Antioquia","San Andrés de Cuerquía","7","63.7149686879183","0.0531701108782417","0"
"05","05649","Antioquia","San Carlos","3","724.035607563612","0.604207368012913","0"
"05","05652","Antioquia","San Francisco","7","49.3276488455845","0.0411638993550981","0"
"05","05656","Antioquia","San Jerónimo","6","137.224337316951","0.114513643820075","0"
"05","05658","Antioquia","San José de La Montaña","7","42.121510697068","0.0351503805187748","0"
"05","05659","Antioquia","San Juan de Urabá","4","344.024278126108","0.287088095457869","0"
"05","05660","Antioquia","San Luis","6","109.351767426895","0.0912539975856911","0"
"05","05664","Antioquia","San Pedro de los Milagros","3","878.006740816625","0.732696205027183","0"
"05","05665","Antioquia","San Pedro de Uraba","5","289.657815398576","0.241719308329691","0"
"05","05667","Antioquia","San Rafael","5","186.126945534139","0.155322846974186","0"
"05","05670","Antioquia","San Roque","6","175.413483537382","0.146382468064993","0"
"05","05674","Antioquia","San Vicente","5","230.45809533704","0.19231717026932","0"
"05","05679","Antioquia","Santa Bárbara","5","255.580924017658","0.213282158780361","0"
"05","05686","Antioquia","Santa Rosa de Osos","3","679.578665286811","0.56710807095851","0"
"05","05690","Antioquia","Santo Domingo","5","210.14788327884","0.175368308026533","0"
"05","05697","Antioquia","El Santuario","5","308.517386248806","0.257457611178656","0"
"05","05736","Antioquia","Segovia","3","666.976564919913","0.556591624233272","0"
"05","05756","Antioquia","Sonson","3","859.123909736801","0.716938491527754","0"
"05","05761","Antioquia","Sopetrán","6","125.007913075213","0.104319043636712","0"
"05","05789","Antioquia","Támesis","5","199.568400954089","0.166539735089509","0"
"05","05790","Antioquia","Tarazá","4","425.881521639844","0.355397925995977","0"
"05","05792","Antioquia","Tarso","7","83.9069241473295","0.0700202880459343","0"
"05","05809","Antioquia","Titiribí","6","129.622869978671","0.108170222964086","0"
"05","05819","Antioquia","Toledo","7","66.1915547029632","0.0552368207225864","0"
"05","05837","Antioquia","Turbo","2","2665.03607946677","2.22397133291901","0"
"05","05842","Antioquia","Uramita","7","69.8937124202758","0.0583262695659565","0"
"05","05847","Antioquia","Urrao","4","361.344942128415","0.301542181278711","0"
"05","05854","Antioquia","Valdivia","6","176.43405941609","0.147234138147361","0"
"05","05856","Antioquia","Valparaíso","7","78.5349947989757","0.0655374155755565","0"
"05","05858","Antioquia","Vegachí","6","141.898550718676","0.118414272666895","0"
"05","05861","Antioquia","Venecia","6","139.587861230302","0.116486003394664","0"
"05","05873","Antioquia","Vigía del Fuerte","7","66.0991990028583","0.0551597499350472","0"
"05","05885","Antioquia","Yalí","7","72.0739215941045","0.0601456530781422","0"
"05","05887","Antioquia","Yarumal","3","551.765611674911","0.460448138886378","0"
"05","05890","Antioquia","Yolombó","5","233.683188683328","0.195008509123377","0"
"05","05893","Antioquia","Yondó","3","669.65724987128","0.558828654542303","10"
"05","05895","Antioquia","Zaragoza","3","590.651481880376","0.492898378963378","0"
"08","08001","Atlántico","Barranquilla","1","24184.3026073788","68.4607409262209","411601"
"08","08078","Atlántico","Baranoa","3","691.563176084644","1.95767180888648","20647"
"08","08137","Atlántico","Campo de La Cruz","6","105.525015604933","0.29871941613733","5156"
"08","08141","Atlántico","Candelaria","7","75.8372848697232","0.214679612486739","3974"
"08","08296","Atlántico","Galapa","3","664.094691678042","1.87991423095977","32736"
"08","08372","Atlántico","Juan de Acosta","6","128.724460772784","0.364392230071759","13036"
"08","08421","Atlántico","Luruaco","6","166.416218204917","0.471089771965231","8342"
"08","08433","Atlántico","Malambo","2","1694.13284074691","4.7957384336396","35193"
"08","08436","Atlántico","Manatí","6","111.420752620024","0.315409023892906","4688"
"08","08520","Atlántico","Palmar de Varela","6","146.775879302587","0.415492049131358","7160"
"08","08549","Atlántico","Piojó","7","35.6248970836714","0.100846689249761","1352"
"08","08558","Atlántico","Polonuevo","6","122.573884416544","0.346981225036494","5156"
"08","08560","Atlántico","Ponedera","6","175.55717276219","0.49696591699713","5104"
"08","08573","Atlántico","Puerto Colombia","5","324.592740751483","0.918854675773828","18333"
"08","08606","Atlántico","Repelón","6","177.211171420552","0.50164804389079","6364"
"08","08634","Atlántico","Sabanagrande","5","280.398993708792","0.793751350862345","8239"
"08","08638","Atlántico","Sabanalarga","3","600.946489887608","1.70115477889219","37423"
"08","08675","Atlántico","Santa Lucía","7","66.5268704246458","0.188323761685993","3404"
"08","08685","Atlántico","Santo Tomás","6","166.31121803794","0.470792538286622","7507"
"08","08758","Atlántico","Soledad","2","5209.32270964279","14.7465113307473","183757"
"08","08770","Atlántico","Suan","7","56.4958671388495","0.159928073444421","2767"
"08","08832","Atlántico","Tubará","7","87.3092798224626","0.247154449041538","4321"
"08","08849","Atlántico","Usiacurí","7","54.1331327128136","0.153239662699471","1649"
"11","11001","Bogotá Distrito Capital","Bogotá Distrito Capital","1","205023.739806664","100","2368154"
"13","13001","Bolívar","Cartagena de Indias","1","18885.8161670888","70.3275260221843","0"
"13","13006","Bolívar","Achí","6","172.460474341459","0.642213097371095","0"
"13","13030","Bolívar","Altos del Rosario","7","57.7504381910514","0.215052683386348","0"
"13","13042","Bolívar","Arenal","7","77.5073836466988","0.288624144813164","0"
"13","13052","Bolívar","Arjona","4","432.69250415868","1.61127234727894","0"
"13","13062","Bolívar","Arroyohondo","7","50.230848264341","0.187051025868975","0"
"13","13074","Bolívar","Barranco de Loba","6","89.1979770841353","0.33215790088238","0"
"13","13140","Bolívar","Calamar","6","145.532126114942","0.54193656741445","0"
"13","13160","Bolívar","Cantagallo","4","382.99655254158","1.42621318437978","158"
"13","13188","Bolívar","Cicuco","6","89.3624869294965","0.332770507207052","0"
"13","13212","Bolívar","Córdoba","7","74.8061875895559","0.278565356020611","0"
"13","13222","Bolívar","Clemencia","6","112.928925355749","0.420527864210276","281"
"13","13244","Bolívar","El Carmen de Bolívar","4","452.892820998441","1.68649484736238","0"
"13","13248","Bolívar","El Guamo","7","56.1888740777819","0.20923768763294","0"
"13","13268","Bolívar","El Peñón","7","53.4107869299595","0.198892569664417","0"
"13","13300","Bolívar","Hatillo de Loba","7","62.1126329932125","0.231296745371735","0"
"13","13430","Bolívar","Magangué","3","1079.92250901984","4.0214453896563","0"
"13","13433","Bolívar","Mahates","5","221.187371813979","0.823663669570919","0"
"13","13440","Bolívar","Margarita","7","51.6581441732534","0.192366029959204","0"
"13","13442","Bolívar","María La Baja","4","328.026864144975","1.2215155341993","0"
"13","13458","Bolívar","Montecristo","6","102.966468147629","0.383429389759913","0"
"13","13468","Bolívar","Mompós","5","298.023982309095","1.109789970719","0"
"13","13473","Bolívar","Morales","6","150.237324101189","0.559457914169586","805"
"13","13490","Bolívar","Norosí","7","41.3891240039204","0.154125967851662","0"
"13","13549","Bolívar","Pinillos","6","126.169317865828","0.469832805048323","0"
"13","13580","Bolívar","Regidor","7","80.3604780100168","0.299248576731","0"
"13","13600","Bolívar","Río Viejo ","6","102.045362188005","0.379999349841517","24"
"13","13620","Bolívar","San Cristóbal","7","30.3146498239584","0.11288653376088","0"
"13","13647","Bolívar","San Estanislao","6","96.7492308741176","0.36027746917197","0"
"13","13650","Bolívar","San Fernando","7","63.7155664614029","0.237265793476336","0"
"13","13654","Bolívar","San Jacinto","6","168.865975896401","0.628827804371579","0"
"13","13655","Bolívar","San Jacinto del Cauca","6","101.097780924806","0.376470720453401","0"
"13","13657","Bolívar","San Juan Nepomuceno","5","244.674980927592","0.911127479793486","0"
"13","13667","Bolívar","San Martín de Loba","6","94.3719989787334","0.351425067109795","0"
"13","13670","Bolívar","San Pablo","5","300.561846141802","1.11924053844434","676"
"13","13673","Bolívar","Santa Catalina","6","90.1903669781191","0.335853389892536","11"
"13","13683","Bolívar","Santa Rosa","6","111.307958852895","0.414491664191067","0"
"13","13688","Bolívar","Santa Rosa del Sur","5","268.603479640618","1.00023308693398","0"
"13","13744","Bolívar","Simití","4","384.411821670805","1.43148340281426","0"
"13","13760","Bolívar","Soplaviento","7","42.2589940307808","0.157365213982658","0"
"13","13780","Bolívar","Talaigua Nuevo","7","87.2477795481636","0.324895701211155","0"
"13","13810","Bolívar","Tiquisio","6","119.371457888357","0.444518745532382","0"
"13","13836","Bolívar","Turbaco","3","559.521415501505","2.08356136481006","0"
"13","13838","Bolívar","Turbaná","6","104.056712611519","0.387489272331385","0"
"13","13873","Bolívar","Villanueva","6","123.153688589511","0.458603121113718","26"
"13","13894","Bolívar","Zambrano","7","85.7387894543237","0.319276482049386","0"
"15","15001","Boyacá","Tunja","2","3099.84189703607","15.6472837170362","74765"
"15","15022","Boyacá","Almeida","7","14.2033893811148","0.0716954189187334","165"
"15","15047","Boyacá","Aquitania","5","317.951089040366","1.60494343376422","2046"
"15","15051","Boyacá","Arcabuco","6","139.862863791448","0.705995332637607","1009"
"15","15087","Boyacá","Belén","6","140.694458301636","0.710193029059122","1809"
"15","15090","Boyacá","Berbeo","7","15.4452881753477","0.0779642363057709","200"
"15","15092","Boyacá","Betéitiva","7","17.9134643366744","0.0904230177348598","110"
"15","15097","Boyacá","Boavita","7","59.3129190840172","0.299397873769183","970"
"15","15104","Boyacá","Boyacá","7","61.8144309061658","0.31202492589081","235"
"15","15106","Boyacá","Briceño","7","20.8389179403772","0.10519002974987","201"
"15","15109","Boyacá","Buenavista","7","41.260623603874","0.208274068586842","287"
"15","15114","Boyacá","Busbanzá","7","7.9801622680708","0.0402820102650668","164"
"15","15131","Boyacá","Caldas","7","83.0901831138468","0.419419993815163","243"
"15","15135","Boyacá","Campohermoso","7","35.5564700422612","0.179480822960529","383"
"15","15162","Boyacá","Cerinza","7","27.4018049414963","0.138317962825279","643"
"15","15172","Boyacá","Chinavita","7","33.1515954469973","0.167341573171058","651"
"15","15176","Boyacá","Chiquinquirá","3","764.167318495366","3.85733957954973","19607"
"15","15180","Boyacá","Chiscas","7","36.7394076773859","0.185452018076658","532"
"15","15183","Boyacá","Chita","7","77.0341322300929","0.388850452035142","921"
"15","15185","Boyacá","Chitaraque","7","51.1153414451694","0.258018401083776","616"
"15","15187","Boyacá","Chivatá","7","38.1906496968392","0.192777551563441","179"
"15","15189","Boyacá","Ciénega","7","53.1210601583002","0.268142804457682","581"
"15","15204","Boyacá","Cómbita","6","134.942612974106","0.681159046447807","701"
"15","15212","Boyacá","Coper","7","30.104165379983","0.151958852229067","671"
"15","15215","Boyacá","Corrales","7","59.7923642545826","0.301818001911128","583"
"15","15218","Boyacá","Covarachía","7","26.2374985620786","0.132440813971422","237"
"15","15223","Boyacá","Cubará","7","56.5881879302377","0.285644062177501","778"
"15","15224","Boyacá","Cucaita","7","50.9537437749895","0.257202693484064","557"
"15","15226","Boyacá","Cuítiva","7","16.4877537538645","0.083226361025065","166"
"15","15232","Boyacá","Chíquiza","6","163.673013396814","0.826183451449885","164"
"15","15236","Boyacá","Chivor","7","18.7371451944253","0.0945807678723245","250"
"15","15238","Boyacá","Duitama","2","1654.3298831181","8.35067397065349","46909"
"15","15244","Boyacá","El Cocuy","7","54.8993459778759","0.277119179277149","893"
"15","15248","Boyacá","El Espino","7","31.8557618411328","0.160800505350657","535"
"15","15272","Boyacá","Firavitoba","7","55.1226051313979","0.278246139758883","922"
"15","15276","Boyacá","Floresta","7","31.2448743984183","0.157716887071781","549"
"15","15293","Boyacá","Gachantivá","7","25.7905386946609","0.130184664113488","317"
"15","15296","Boyacá","Gameza","7","63.3238680035603","0.319644214648257","454"
"15","15299","Boyacá","Garagoa","6","150.9219744947","0.76181916126492","5452"
"15","15317","Boyacá","Guacamayas","7","13.9420490736544","0.0703762335946561","285"
"15","15322","Boyacá","Guateque","6","113.385803212289","0.572345265106299","3560"
"15","15325","Boyacá","Guayatá","7","48.173495784119","0.243168645761028","680"
"15","15332","Boyacá","Güicán","7","50.6424048911902","0.255631126930424","630"
"15","15362","Boyacá","Iza","7","21.0521781712839","0.106266517986818","439"
"15","15367","Boyacá","Jenesano","7","72.753478926913","0.367242705913261","1119"
"15","15368","Boyacá","Jericó","7","47.261020362644","0.238562681238033","488"
"15","15377","Boyacá","Labranzagrande","7","51.1261191166845","0.258072804272586","481"
"15","15380","Boyacá","La Capilla","7","22.0651530908206","0.111379780692051","499"
"15","15401","Boyacá","La Victoria","7","13.7502738862807","0.0694081968797535","166"
"15","15403","Boyacá","La Uvita","7","31.096615586351","0.156968510937441","611"
"15","15407","Boyacá","Villa de Leyva","6","159.023139611718","0.802711965877223","4382"
"15","15425","Boyacá","Macanal","7","64.2034444299268","0.324084112666067","528"
"15","15442","Boyacá","Maripí","7","59.7266235746477","0.301486158189784","285"
"15","15455","Boyacá","Miraflores","6","94.2560799010948","0.475782853854015","2228"
"15","15464","Boyacá","Mongua","7","45.5011125233888","0.229679074205367","710"
"15","15466","Boyacá","Monguí","7","48.6749021790649","0.245699629075615","916"
"15","15469","Boyacá","Moniquirá","5","233.018317532793","1.17622248063306","5557"
"15","15476","Boyacá","Motavita","6","112.985443640821","0.570324342745847","246"
"15","15480","Boyacá","Muzo","6","142.893828276933","0.721294939138831","1606"
"15","15491","Boyacá","Nobsa","3","955.077267654653","4.8210087724065","3007"
"15","15494","Boyacá","Nuevo Colón","7","56.3645402756396","0.284515140632343","475"
"15","15500","Boyacá","Oicatá","7","27.369520904789","0.138155000487628","222"
"15","15507","Boyacá","Otanche","7","83.5784772375508","0.421884789422404","1073"
"15","15511","Boyacá","Pachavita","7","24.0482369990407","0.121389928814856","244"
"15","15514","Boyacá","Páez","5","214.28309748863","1.08165143047323","600"
"15","15516","Boyacá","Paipa","5","316.280486782691","1.59651062061682","9838"
"15","15518","Boyacá","Pajarito","7","26.472662300491","0.133627866039599","367"
"15","15522","Boyacá","Panqueba","7","14.1672815516027","0.0715131549609097","339"
"15","15531","Boyacá","Pauna","7","76.9340209091005","0.388345113280816","805"
"15","15533","Boyacá","Paya","7","20.9939812189578","0.105972753254693","169"
"15","15537","Boyacá","Paz de Río","7","61.5808425226467","0.310845825849153","1037"
"15","15542","Boyacá","Pesca","7","63.0598358071356","0.318311441292352","1000"
"15","15550","Boyacá","Pisba","7","56.1830216137188","0.283598876481669","225"
"15","15572","Boyacá","Puerto Boyacá","2","1520.76942735961","7.67649173360847","19502"
"15","15580","Boyacá","Quípama","7","62.4097503778528","0.315029960658767","793"
"15","15599","Boyacá","Ramiriquí","6","112.352594429043","0.567129866544896","2114"
"15","15600","Boyacá","Ráquira","6","128.505326351822","0.648665114985343","1798"
"15","15621","Boyacá","Rondón","7","29.5623041655316","0.149223662358291","353"
"15","15632","Boyacá","Saboyá","5","321.054842195407","1.62061046060549","532"
"15","15638","Boyacá","Sáchica","7","37.8515004338117","0.191065604658636","947"
"15","15646","Boyacá","Samacá","5","261.189776826908","1.31842548031489","2930"
"15","15660","Boyacá","San Eduardo","7","23.3369297885135","0.117799414813566","355"
"15","15664","Boyacá","San José de Pare","7","46.5271331435567","0.234858188584925","436"
"15","15667","Boyacá","San Luis de Gaceno","7","70.5175516565992","0.355956263077995","957"
"15","15673","Boyacá","San Mateo","7","52.2565450142549","0.263778932303593","599"
"15","15676","Boyacá","San Miguel de Sema","7","36.5925757581639","0.184710844566815","1329"
"15","15681","Boyacá","San Pablo de Borbur","7","79.2060040950588","0.399813558024729","1019"
"15","15686","Boyacá","Santana","7","79.0312270095607","0.398931323789931","1278"
"15","15690","Boyacá","Santa María","4","518.68293706471","2.61819129652944","853"
"15","15693","Boyacá","Santa Rosa de Viterbo","6","102.3064803586","0.516419410226383","2678"
"15","15696","Boyacá","Santa Sofía","7","27.8823856313789","0.140743822805658","445"
"15","15720","Boyacá","Sativanorte","7","24.6581070540889","0.124468411556504","440"
"15","15723","Boyacá","Sativasur","7","20.798656306791","0.104986798351444","162"
"15","15740","Boyacá","Siachoque","5","206.755304812662","1.04365287710297","523"
"15","15753","Boyacá","Soatá","7","70.3255731304287","0.354987199955957","2773"
"15","15755","Boyacá","Socotá","6","117.34844844048","0.592347780142551","517"
"15","15757","Boyacá","Socha","5","208.849225205083","1.05422250211914","1543"
"15","15759","Boyacá","Sogamoso","2","1939.76566226403","9.79148765329974","45998"
"15","15761","Boyacá","Somondoco","7","42.9721246375911","0.216913329280163","415"
"15","15762","Boyacá","Sora","7","28.0477583256828","0.141578585852541","235"
"15","15763","Boyacá","Sotaquirá","6","102.717920809738","0.518496266300164","484"
"15","15764","Boyacá","Soracá","6","125.644609382513","0.634224878502407","587"
"15","15774","Boyacá","Susacón","7","25.3221871460215","0.127820534004827","284"
"15","15776","Boyacá","Sutamarchán","7","49.4816668836883","0.249771990391269","985"
"15","15778","Boyacá","Sutatenza","7","47.0511019596057","0.237503061773922","371"
"15","15790","Boyacá","Tasco","7","67.6628073533286","0.341546175229458","681"
"15","15798","Boyacá","Tenza","7","62.1124790911835","0.313529404076223","688"
"15","15804","Boyacá","Tibaná","6","93.2483146055381","0.470695888123654","921"
"15","15806","Boyacá","Tibasosa","4","420.11757989039","2.12065620938443","1810"
"15","15808","Boyacá","Tinjacá","7","23.4968026341192","0.118606415898439","506"
"15","15810","Boyacá","Tipacoque","7","27.28665043418","0.137736689551633","357"
"15","15814","Boyacá","Toca","6","149.923668806284","0.756779945439778","1566"
"15","15816","Boyacá","Togüí","7","50.0807210928511","0.25279587724873","370"
"15","15820","Boyacá","Tópaga","7","41.640353224064","0.210190855732844","706"
"15","15822","Boyacá","Tota","7","59.791648194616","0.301814387406315","375"
"15","15832","Boyacá","Tununguá","7","16.3464090469268","0.0825128856915424","106"
"15","15835","Boyacá","Turmequé","7","84.0423851167427","0.424226488917216","886"
"15","15837","Boyacá","Tuta","4","384.226946375785","1.93948860663535","1075"
"15","15839","Boyacá","Tutazá","6","93.4699231017004","0.471814516469465","82"
"15","15842","Boyacá","Umbita","6","117.683064907918","0.594036846545388","507"
"15","15861","Boyacá","Ventaquemada","5","300.698067350321","1.51785417749652","1392"
"15","15879","Boyacá","Viracachá","7","56.3009578020387","0.284194191036554","255"
"15","15897","Boyacá","Zetaquira","7","39.2149270530195","0.197947866350273","490"
"17","17001","Caldas","Manizales","2","6302.08384150078","49.2625985615996","36049"
"17","17013","Caldas","Aguadas","5","221.118308598071","1.72845407091452","2258"
"17","17042","Caldas","Anserma","4","441.982472942942","3.45492152809349","1222"
"17","17050","Caldas","Aranzazu","6","114.281275468585","0.893322389563101","1977"
"17","17088","Caldas","Belalcázar","5","255.737187305199","1.9990655015609","1081"
"17","17174","Caldas","Chinchiná","3","1063.36703432658","8.31220666896019","10269"
"17","17272","Caldas","Filadelfia","6","120.29851577324","0.940358401941235","510"
"17","17380","Caldas","La Dorada","3","675.356576990429","5.27917761409735","9971"
"17","17388","Caldas","La Merced","7","52.8911458370903","0.413443449875638","598"
"17","17433","Caldas","Manzanares","6","176.798846243655","1.38201439519107","1642"
"17","17442","Caldas","Marmato","5","220.037442555923","1.72000507669732","275"
"17","17444","Caldas","Marquetalia","6","115.565872755176","0.903363925352569","658"
"17","17446","Caldas","Marulanda","7","45.8504706398847","0.358407375369852","17"
"17","17486","Caldas","Neira","5","235.706246864864","1.84248615375449","1682"
"17","17495","Caldas","Norcasia","5","240.63566653079","1.88101880870665","538"
"17","17513","Caldas","Pácora","6","176.987971299233","1.38349276201786","1464"
"17","17524","Caldas","Palestina","5","189.515195046809","1.48141649805327","1712"
"17","17541","Caldas","Pensilvania","5","190.735946844241","1.49095896166574","2397"
"17","17614","Caldas","Riosucio","4","430.189972168833","3.36274102934374","6780"
"17","17616","Caldas","Risaralda","5","206.883832759128","1.61718495951824","1628"
"17","17653","Caldas","Salamina","5","206.922022118204","1.61748348094589","1599"
"17","17662","Caldas","Samaná","5","201.691184355636","1.57659467855622","1659"
"17","17665","Caldas","San José","7","83.521461926111","0.652876787047648","229"
"17","17777","Caldas","Supía","5","246.405079484389","1.92611758578061","2548"
"17","17867","Caldas","Victoria","6","89.5812846406168","0.700245660780066","913"
"17","17873","Caldas","Villamaría","4","372.411933737219","2.91109735329651","4940"
"17","17877","Caldas","Viterbo","6","116.280019560801","0.908946321316249","1894"
"18","18001","Caquetá","Florencia","2","1597.80031995093","43.1725350073383","60309"
"18","18029","Caquetá","Albania","7","48.2901833343492","1.30479985795535","1621"
"18","18094","Caquetá","Belén de Los Andaquies","6","106.569240668461","2.8794989060998","3080"
"18","18150","Caquetá","Cartagena del Chairá","5","247.768163064986","6.69469117014292","62"
"18","18205","Caquetá","Curillo","7","66.8340535427965","1.80585488701575","2560"
"18","18247","Caquetá","El Doncello","6","140.195902143569","3.78809067541337","5921"
"18","18256","Caquetá","El Paujil","6","106.232010556894","2.87038695474056","4127"
"18","18410","Caquetá","La Montañita","6","103.011459063601","2.78336771313008","2807"
"18","18460","Caquetá","Milán","6","90.7087947303564","2.45094995104898","1955"
"18","18479","Caquetá","Morelia","7","33.2257638746844","0.897759523586418","1162"
"18","18592","Caquetá","Puerto Rico","5","241.760996857642","6.53237765064794","6511"
"18","18610","Caquetá","San José del Fragua","6","115.050417534028","3.10866014768933","3823"
"18","18753","Caquetá","San Vicente del Caguán","3","589.105313471172","15.9176146426259","11483"
"18","18756","Caquetá","Solano","7","87.3367345202328","2.35983694672008","1365"
"18","18785","Caquetá","Solita","7","60.1132409737274","1.62425865606443","1750"
"18","18860","Caquetá","Valparaíso","7","66.9621965902446","1.80931730978086","2312"
"19","19001","Cauca","Popayán","2","3480.40943456536","25.6690914258537","115733"
"19","19022","Cauca","Almaguer","6","133.161388146465","0.982106246689924","5357"
"19","19050","Cauca","Argelia","6","120.491046388552","0.888658574197538","7721"
"19","19075","Cauca","Balboa","6","169.277053359527","1.24847040001414","6722"
"19","19100","Cauca","Bolívar","5","201.026478856713","1.48263219078269","12500"
"19","19110","Cauca","Buenos Aires","5","319.324337055229","2.35511532665248","7338"
"19","19130","Cauca","Cajibío","5","262.999393878505","1.93970152458644","11208"
"19","19137","Cauca","Caldono","5","190.324716048091","1.40370339429568","9904"
"19","19142","Cauca","Caloto","2","1548.44950788108","11.4202919896064","9245"
"19","19212","Cauca","Corinto","6","154.171243711719","1.13706040179376","9460"
"19","19256","Cauca","El Tambo","3","634.128115906831","4.67689014437737","17134"
"19","19290","Cauca","Florencia","6","110.777976965285","0.817021695910935","1620"
"19","19300","Cauca","Guachené","6","116.542786910502","0.859538944619324","6102"
"19","19318","Cauca","Guapi","6","179.918190645744","1.32695206460286","3591"
"19","19355","Cauca","Inzá","6","168.58209645584","1.24334487882672","8018"
"19","19364","Cauca","Jambaló","7","84.6401190860046","0.624246944493505","3241"
"19","19392","Cauca","La Sierra","7","72.7587586585644","0.536618252292362","3882"
"19","19397","Cauca","La Vega","5","211.594258867104","1.56057282287068","7198"
"19","19418","Cauca","López","7","71.0773129566477","0.524217072413507","2127"
"19","19450","Cauca","Mercaderes","6","124.277109657472","0.916581956782588","5564"
"19","19455","Cauca","Miranda","3","689.896762071396","5.08820108465848","10697"
"19","19473","Cauca","Morales","5","216.330642116592","1.59550510797816","9534"
"19","19513","Cauca","Padilla","7","46.680853201285","0.344285668450464","2947"
"19","19517","Cauca","Paez","5","205.765030554764","1.51758046886613","7769"
"19","19532","Cauca","Patía","5","241.309475875263","1.77973169956669","11217"
"19","19533","Cauca","Piamonte","7","64.2416460168855","0.473801923583366","1139"
"19","19548","Cauca","Piendamó","5","314.635028982655","2.32053023547228","13718"
"19","19573","Cauca","Puerto Tejada","4","464.358970361552","3.42479041294591","14166"
"19","19585","Cauca","Puracé","6","102.75294583148","0.757834619866623","3259"
"19","19622","Cauca","Rosas","7","84.3088814792562","0.621803965133989","3547"
"19","19693","Cauca","San Sebastián","7","55.1960092599192","0.407087566756946","3433"
"19","19698","Cauca","Santander de Quilichao","3","1152.59857456523","8.50076944798259","39817"
"19","19701","Cauca","Santa Rosa","7","34.8877491827333","0.2573078944448","2016"
"19","19743","Cauca","Silvia","5","186.062146261551","1.37226562939563","9115"
"19","19760","Cauca","Sotara","6","127.607154994218","0.94114206668007","3860"
"19","19780","Cauca","Suárez","6","170.623023347471","1.25839734318751","7054"
"19","19785","Cauca","Sucre","7","51.2519491903304","0.377998909109407","2511"
"19","19807","Cauca","Timbío","5","241.618926902032","1.78201399618934","11716"
"19","19809","Cauca","Timbiquí","6","179.327649805325","1.32259664403858","0"
"19","19821","Cauca","Toribio","6","149.513385213864","1.10270726091249","9017"
"19","19824","Cauca","Totoró","5","205.196034090175","1.51338394470852","5278"
"19","19845","Cauca","Villa Rica","5","220.661681658371","1.62744785840942","7031"
"20","20001","Cesar","Valledupar","2","4718.34127873876","28.6644218314682","0"
"20","20011","Cesar","Aguachica","3","734.704853794781","4.46340961932923","6634"
"20","20013","Cesar","Agustín Codazzi","2","1515.38194696928","9.20610545054304","0"
"20","20032","Cesar","Astrea","6","122.110252698026","0.741832687909979","0"
"20","20045","Cesar","Becerril","2","1571.82643611248","9.5490116862901","0"
"20","20060","Cesar","Bosconia","5","301.777778722206","1.83333189306075","0"
"20","20175","Cesar","Chimichagua","5","189.386964382755","1.15054582018274","0"
"20","20178","Cesar","Chiriguaná","3","580.337669533062","3.52561266374388","0"
"20","20228","Cesar","Curumaní","5","216.059046917956","1.31258153988741","0"
"20","20238","Cesar","El Copey","4","374.835709917581","2.27716654473274","0"
"20","20250","Cesar","El Paso","4","472.691253233613","2.8716493102753","0"
"20","20295","Cesar","Gamarra","6","111.543110946727","0.677636185194703","1098"
"20","20310","Cesar","González","7","34.3277511126778","0.208544715248422","238"
"20","20383","Cesar","La Gloria","5","200.231433118577","1.21642711363272","391"
"20","20400","Cesar","La Jagua de Ibirico","2","3347.76849808269","20.3380473675262","0"
"20","20443","Cesar","Manaure","7","69.980743627253","0.42514041204489","0"
"20","20517","Cesar","Pailitas","6","132.642756012288","0.805818758460188","0"
"20","20550","Cesar","Pelaya","6","159.386072242002","0.968287230385942","532"
"20","20570","Cesar","Pueblo Bello","6","162.580574788588","0.987694170903292","0"
"20","20614","Cesar","Río de Oro","6","115.739534189489","0.70312989980919","858"
"20","20621","Cesar","La Paz","5","200.107023305745","1.21567131087401","0"
"20","20710","Cesar","San Alberto","4","411.099916871004","2.49747543382913","1381"
"20","20750","Cesar","San Diego","6","112.190564464289","0.681569533727014","0"
"20","20770","Cesar","San Martín","4","484.417801826747","2.94288933206335","1299"
"20","20787","Cesar","Tamalameque","6","121.150072027249","0.735999488877605","0"
"23","23001","Córdoba","Montería","2","4026.3499059955","34.4202243476195","0"
"23","23068","Córdoba","Ayapel","5","220.530958657987","1.88526214805634","0"
"23","23079","Córdoba","Buenavista","6","108.371528672683","0.926440179541711","0"
"23","23090","Córdoba","Canalete","6","113.278654217345","0.968389927102822","0"
"23","23162","Córdoba","Cereté","4","474.027086932086","4.05233500813109","0"
"23","23168","Córdoba","Chimá","7","66.6425365056141","0.569709814390935","0"
"23","23182","Córdoba","Chinú","5","227.997058513101","1.9490879053836","0"
"23","23189","Córdoba","Ciénaga de Oro","3","543.267617093106","4.64425439857988","0"
"23","23300","Córdoba","Cotorra","7","61.6129951559271","0.526713565762848","0"
"23","23350","Córdoba","La Apartada","7","74.0289349612614","0.632854225060685","0"
"23","23417","Córdoba","Lorica","3","908.216019535639","7.76410393492351","0"
"23","23419","Córdoba","Los Córdobas","6","116.204042061248","0.993398311431517","0"
"23","23464","Córdoba","Momil","7","63.1024491793442","0.539446523115895","0"
"23","23466","Córdoba","Montelíbano","3","566.617326309643","4.84386502568612","0"
"23","23500","Córdoba","Moñitos","6","166.155663735181","1.42042181030427","0"
"23","23555","Córdoba","Planeta Rica","4","475.389316127667","4.0639803533245","0"
"23","23570","Córdoba","Pueblo Nuevo","6","171.218331634006","1.46370124923618","0"
"23","23574","Córdoba","Puerto Escondido","6","152.106088306918","1.30031562243681","0"
"23","23580","Córdoba","Puerto Libertador","5","309.559003092037","2.6463398820324","0"
"23","23586","Córdoba","Purísima","7","52.0693135214405","0.445127098955249","0"
"23","23660","Córdoba","Sahagún","3","720.619644658713","6.16039102848962","0"
"23","23670","Córdoba","San Andrés Sotavento  ","6","159.835383357256","1.36639136743986","0"
"23","23672","Córdoba","San Antero","6","120.064558994618","1.0264008725717","0"
"23","23675","Córdoba","San Bernardo del Viento","6","134.346708259367","1.14849527403612","0"
"23","23678","Córdoba","San Carlos","6","108.065902217288","0.923827457993191","0"
"23","23682","Córdoba","San José de Uré","7","45.1007545705219","0.385554690180476","0"
"23","23686","Córdoba","San Pelayo","6","171.366542076668","1.4649682619912","0"
"23","23807","Córdoba","Tierralta","3","1053.06712386187","9.00239857506026","0"
"23","23815","Córdoba","Tuchín ","6","100.733128467624","0.861141471070416","0"
"23","23855","Córdoba","Valencia","5","187.683728513888","1.60445967009131","0"
"25","25001","Cundinamarca","Agua de Dios","6","132.266973252321","0.268162574675986","4359"
"25","25019","Cundinamarca","Albán","6","134.553017608878","0.272797379006983","2234"
"25","25035","Cundinamarca","Anapoima","6","156.931366743659","0.318168007618354","5928"
"25","25040","Cundinamarca","Anolaima","6","105.684119409654","0.214267589757218","5241"
"25","25053","Cundinamarca","Arbeláez","6","156.786442170039","0.3178741825928","4397"
"25","25086","Cundinamarca","Beltrán","7","16.3467506496781","0.0331419600374586","626"
"25","25095","Cundinamarca","Bituima","7","24.1319779898457","0.0489259955880007","604"
"25","25099","Cundinamarca","Bojacá","6","142.88896592009","0.289697965045467","2870"
"25","25120","Cundinamarca","Cabrera","7","36.4000021080687","0.073798606284655","1461"
"25","25123","Cundinamarca","Cachipay","6","99.1675693709312","0.201055713856382","3908"
"25","25126","Cundinamarca","Cajicá","2","1577.69858154682","3.19867993715372","32472"
"25","25148","Cundinamarca","Caparrapí","6","119.633700294145","0.242549446018493","4132"
"25","25151","Cundinamarca","Caqueza","5","203.706787870224","0.413002092442572","3138"
"25","25154","Cundinamarca","Carmen de Carupa","6","103.863037615473","0.210575466390249","3433"
"25","25168","Cundinamarca","Chaguaní","7","41.2431941988","0.0836178591847973","464"
"25","25175","Cundinamarca","Chía","2","2368.0297610797","4.80102433756533","48120"
"25","25178","Cundinamarca","Chipaque","7","68.4014272628698","0.138679387569652","13"
"25","25181","Cundinamarca","Choachí","6","131.583157871975","0.266776184041291","1427"
"25","25183","Cundinamarca","Chocontá","4","436.112660873823","0.884189689330989","7005"
"25","25200","Cundinamarca","Cogua","3","606.412742213066","1.22946188507665","7682"
"25","25214","Cundinamarca","Cota","2","4246.2558619127","8.60900402167122","12504"
"25","25224","Cundinamarca","Cucunubá","6","142.721311982064","0.289358057730964","2771"
"25","25245","Cundinamarca","El Colegio","5","196.714721834457","0.398826139184166","12108"
"25","25258","Cundinamarca","El Peñón","7","31.9103630896219","0.0646961589469079","1755"
"25","25260","Cundinamarca","El Rosal","5","188.231002603376","0.381625957340623","7199"
"25","25269","Cundinamarca","Facatativá","2","3483.47594997065","7.06251800125482","34848"
"25","25279","Cundinamarca","Fomeque","5","193.841811319955","0.393001502379989","25"
"25","25281","Cundinamarca","Fosca","6","113.051143597683","0.229203745967533","1888"
"25","25286","Cundinamarca","Funza","2","2771.37728253381","5.6187848652518","30920"
"25","25288","Cundinamarca","Fúquene","7","71.3809701584337","0.144720214501616","2163"
"25","25290","Cundinamarca","Fusagasugá","2","1560.50458462184","3.16382024110868","54055"
"25","25293","Cundinamarca","Gachala","7","45.5443938863227","0.0923382581932579","830"
"25","25295","Cundinamarca","Gachancipá","5","191.167471035814","0.387579453636295","5543"
"25","25297","Cundinamarca","Gachetá","6","90.296974809616","0.183071167767683","1011"
"25","25299","Cundinamarca","Gama","7","22.6406232039763","0.0459023720083549","949"
"25","25307","Cundinamarca","Girardot","2","1279.4037724598","2.59390686304201","37870"
"25","25312","Cundinamarca","Granada","7","79.5518061039563","0.161286046096072","2221"
"25","25317","Cundinamarca","Guachetá","5","182.315639114797","0.369632947564739","4727"
"25","25320","Cundinamarca","Guaduas","4","396.322168920689","0.803517088246957","7214"
"25","25322","Cundinamarca","Guasca","6","122.789425221682","0.248947470413617","5245"
"25","25324","Cundinamarca","Guataquí","7","18.4754051388063","0.0374576667809046","11"
"25","25326","Cundinamarca","Guatavita","6","114.461253325458","0.232062650544221","2807"
"25","25328","Cundinamarca","Guayabal de Siquima","7","69.1534454930736","0.140204054989311","1450"
"25","25335","Cundinamarca","Guayabetal","7","50.2869950257304","0.101953569566405","1330"
"25","25339","Cundinamarca","Gutiérrez","7","31.9003175687738","0.0646757923151756","1123"
"25","25368","Cundinamarca","Jerusalén","7","21.0038661156786","0.042583954839469","307"
"25","25372","Cundinamarca","Junín","7","54.2304015669899","0.10994856654181","749"
"25","25377","Cundinamarca","La Calera","4","519.72437311304","1.05370692765445","13729"
"25","25386","Cundinamarca","La Mesa","3","753.591472280834","1.5278570643269","11763"
"25","25394","Cundinamarca","La Palma","6","121.798590444305","0.246938618177518","3849"
"25","25398","Cundinamarca","La Peña","7","60.0874805532402","0.121823408328938","1259"
"25","25402","Cundinamarca","La Vega","5","259.123395729791","0.525355614096703","7159"
"25","25407","Cundinamarca","Lenguazaque","5","196.991884443099","0.39938806811404","3532"
"25","25426","Cundinamarca","Macheta","7","60.0316454692147","0.121710206374426","527"
"25","25430","Cundinamarca","Madrid","2","1334.58071786452","2.70577448485763","45525"
"25","25436","Cundinamarca","Manta","7","38.7723775862804","0.0786084412774148","1608"
"25","25438","Cundinamarca","Medina","6","98.2709270244685","0.199237830568676","2465"
"25","25473","Cundinamarca","Mosquera","2","2121.11780469605","4.3004266122676","48584"
"25","25483","Cundinamarca","Nariño","7","78.8335312625567","0.159829791174239","5"
"25","25486","Cundinamarca","Nemocón","6","130.975852610058","0.265544912631312","5012"
"25","25488","Cundinamarca","Nilo","6","138.319598641707","0.280433873913104","1899"
"25","25489","Cundinamarca","Nimaima","7","42.5587689032376","0.0862851002295256","1133"
"25","25491","Cundinamarca","Nocaima","7","82.774077209219","0.167818988482551","2182"
"25","25506","Cundinamarca","Venecia","7","32.8802201742999","0.0666624802930451","1643"
"25","25513","Cundinamarca","Pacho","5","236.121280501304","0.478720340823324","7998"
"25","25518","Cundinamarca","Paime","7","38.3046057781835","0.0776600647527565","1144"
"25","25524","Cundinamarca","Pandi","7","41.5487045426964","0.084237261280384","1898"
"25","25530","Cundinamarca","Paratebueno","6","160.402796300071","0.325206102350272","2190"
"25","25535","Cundinamarca","Pasca","6","137.378969020085","0.278526809322842","1397"
"25","25572","Cundinamarca","Puerto Salgar","6","174.728485712758","0.354250493874875","3212"
"25","25580","Cundinamarca","Pulí","7","32.1755444232659","0.0652337966310359","1029"
"25","25592","Cundinamarca","Quebradanegra","7","42.7213738046335","0.0866147709548856","1643"
"25","25594","Cundinamarca","Quetame","7","55.0938181536735","0.111699086790439","1713"
"25","25596","Cundinamarca","Quipile","7","64.0261094592111","0.12980871896354","2873"
"25","25599","Cundinamarca","Apulo","7","67.7850153003337","0.137429652924107","3866"
"25","25612","Cundinamarca","Ricaurte","6","123.484515360261","0.250356719877862","14815"
"25","25645","Cundinamarca","San Antonio del Tequendama","6","130.940100902942","0.265472428400414","5590"
"25","25649","Cundinamarca","San Bernardo","7","79.3407199252932","0.160858082774943","2896"
"25","25653","Cundinamarca","San Cayetano","6","122.232613786121","0.247818571910102","1733"
"25","25658","Cundinamarca","San Francisco","6","109.933952664479","0.222883846707344","4771"
"25","25662","Cundinamarca","San Juan de Río Seco","6","90.0750004113558","0.182621129298624","1526"
"25","25718","Cundinamarca","Sasaima","5","193.06127727791","0.39141902103041","4218"
"25","25736","Cundinamarca","Sesquilé","5","208.364862901815","0.422446032700603","3964"
"25","25740","Cundinamarca","Sibaté","3","941.62408894523","1.90908080724568","10061"
"25","25743","Cundinamarca","Silvania","5","243.752329261837","0.49419178946076","9833"
"25","25745","Cundinamarca","Simijaca","6","163.974176539844","0.332446840508068","4715"
"25","25754","Cundinamarca","Soacha","2","4760.88418121712","9.65237903595073","223568"
"25","25758","Cundinamarca","Sopó","3","1147.9041928067","2.32730012833346","8361"
"25","25769","Cundinamarca","Subachoque","5","226.470081059414","0.459153169764593","6004"
"25","25772","Cundinamarca","Suesca","5","232.677320023234","0.471737937838115","5627"
"25","25777","Cundinamarca","Supatá","7","57.7267246900598","0.117037131340167","2377"
"25","25779","Cundinamarca","Susa","7","83.3524409573521","0.168991582879965","2525"
"25","25781","Cundinamarca","Sutatausa","6","99.5934542712458","0.201919167434972","2335"
"25","25785","Cundinamarca","Tabio","5","181.745135199544","0.368476288460692","8114"
"25","25793","Cundinamarca","Tausa","3","704.752442736033","1.42883914938281","2789"
"25","25797","Cundinamarca","Tena","6","99.7639854367823","0.202264908138704","4592"
"25","25799","Cundinamarca","Tenjo","2","1387.6875582952","2.81344510521446","7645"
"25","25805","Cundinamarca","Tibacuy","7","46.9820142154211","0.0952529387017635","1900"
"25","25807","Cundinamarca","Tibirita","7","29.4135076029576","0.0596339489376076","1395"
"25","25815","Cundinamarca","Tocaima","6","154.952599736641","0.314156187870475","5224"
"25","25817","Cundinamarca","Tocancipá","2","3389.46389854916","6.87191476040145","14539"
"25","25823","Cundinamarca","Topaipí","7","32.38165434632","0.0656516709217479","1307"
"25","25839","Cundinamarca","Ubalá","3","821.347085970591","1.66522710742251","2051"
"25","25841","Cundinamarca","Ubaque","6","122.292840809792","0.247940678232907","10"
"25","25843","Cundinamarca","Villa de San Diego de Ubate","4","454.042192108807","0.920540632733426","14739"
"25","25845","Cundinamarca","Une","5","213.168394848801","0.432184877272064","13"
"25","25851","Cundinamarca","Útica","7","43.1256418588944","0.0874343978021943","838"
"25","25862","Cundinamarca","Vergara","7","79.4248252319126","0.161028600743355","2748"
"25","25867","Cundinamarca","Vianí","7","39.8878730075499","0.0808700347565086","1115"
"25","25871","Cundinamarca","Villagómez","7","19.7028493764565","0.0399462291101534","571"
"25","25873","Cundinamarca","Villapinzón","3","643.113297792325","1.30386984372403","5883"
"25","25875","Cundinamarca","Villeta","5","313.774083617473","0.636156283465747","9503"
"25","25878","Cundinamarca","Viotá","6","129.691208469296","0.262940381266768","6583"
"25","25885","Cundinamarca","Yacopí","6","153.610132568519","0.31143442412727","3241"
"25","25898","Cundinamarca","Zipacón","7","83.0636450376599","0.168406068178325","1817"
"25","25899","Cundinamarca","Zipaquirá","2","1613.07803640418","3.27040945112002","50165"
"27","27001","Choco","Quibdó","2","1400.02141750353","30.9836530689329","0"
"27","27006","Choco","Acandí","6","150.017945459787","3.320023478304","0"
"27","27025","Choco","Alto Baudo","6","130.260403258431","2.88277242956417","0"
"27","27050","Choco","Atrato","7","68.1959456910729","1.50923371284402","0"
"27","27073","Choco","Bagadó","7","35.2409401182543","0.77991168477555","0"
"27","27075","Choco","Bahía Solano","7","35.3565935845513","0.782471193388179","0"
"27","27077","Choco","Bajo Baudó","7","61.8052268823238","1.36780172333598","0"
"27","27099","Choco","Bojaya","7","51.9928809888135","1.15064624474408","0"
"27","27135","Choco","El Cantón del San Pablo","7","79.3672433945243","1.75646393950063","0"
"27","27150","Choco","Carmen del Darien","5","206.110284414084","4.56139418039223","0"
"27","27160","Choco","Cértegui","7","45.5852739405563","1.00884050427243","0"
"27","27205","Choco","Condoto","7","84.7019105088344","1.87452461560283","0"
"27","27245","Choco","El Carmen de Atrato","6","150.63819870795","3.3337502050638","0"
"27","27250","Choco","El Litoral del San Juan","7","38.85781287291","0.859956124970299","0"
"27","27361","Choco","Istmina","4","450.104970706414","9.96120208063503","0"
"27","27372","Choco","Juradó","7","14.9658506016759","0.331206878070948","0"
"27","27413","Choco","Lloró","6","113.618136194689","2.51446504330792","0"
"27","27425","Choco","Medio Atrato","6","102.576078822241","2.27009501402275","0"
"27","27430","Choco","Medio Baudó","7","68.1934350707748","1.50917815070237","0"
"27","27450","Choco","Medio San Juan","7","61.7816744539725","1.36728048826069","0"
"27","27491","Choco","Nóvita","7","87.6358295065119","1.93945471397124","0"
"27","27495","Choco","Nuquí","7","34.505915917698","0.763644980179049","0"
"27","27580","Choco","Río Iro","7","28.5818806171895","0.632541089749739","0"
"27","27600","Choco","Río Quito","6","103.378922420744","2.2878626190134","0"
"27","27615","Choco","Riosucio","4","371.04648598873","8.21157123068978","0"
"27","27660","Choco","San José del Palmar","7","21.4018069745869","0.473640012973014","0"
"27","27745","Choco","Sipí","7","36.9478663249893","0.817687399305727","0"
"27","27787","Choco","Tadó","5","188.053587176487","4.16178426315391","1"
"27","27800","Choco","Unguía","5","209.701479324968","4.64087034827839","0"
"27","27810","Choco","Unión Panamericana","7","87.9348632244169","1.94607258199501","0"
"41","41001","Huila","Neiva","2","5221.71831864192","37.7824101828137","0"
"41","41006","Huila","Acevedo","4","335.483567184839","2.42743422212552","0"
"41","41013","Huila","Agrado","7","73.6275149349771","0.532741293241197","0"
"41","41016","Huila","Aipe","4","429.462414916834","3.10743018453544","0"
"41","41020","Huila","Algeciras","5","217.281930131498","1.57217117212804","0"
"41","41026","Huila","Altamira","7","39.8071924255452","0.288030027793477","0"
"41","41078","Huila","Baraya","7","80.3572038631602","0.581434817474324","0"
"41","41132","Huila","Campoalegre","3","581.596664145343","4.20821698620667","0"
"41","41206","Huila","Colombia","7","84.9698644757683","0.614810312793075","0"
"41","41244","Huila","Elías","7","34.2717991636024","0.247977982473595","0"
"41","41298","Huila","Garzón","3","641.831168152272","4.64405143737255","0"
"41","41306","Huila","Gigante","5","258.217633588831","1.8683666857055","0"
"41","41319","Huila","Guadalupe","6","161.239780077887","1.16667103373624","0"
"41","41349","Huila","Hobo","7","65.3725517706209","0.473011452356015","0"
"41","41357","Huila","Iquira","6","104.584173322043","0.756732150981212","0"
"41","41359","Huila","Isnos","5","189.218559664261","1.36911506886792","0"
"41","41378","Huila","La Argentina","6","105.72050590775","0.764954230618101","0"
"41","41396","Huila","La Plata","4","488.593162586549","3.53527826567335","0"
"41","41483","Huila","Nátaga","7","53.5230640041306","0.387272969364422","0"
"41","41503","Huila","Oporapa","6","107.928604088686","0.780931207181204","0"
"41","41518","Huila","Paicol","6","102.799955695958","0.743822216340829","0"
"41","41524","Huila","Palermo","3","539.323518016915","3.90234423526945","0"
"41","41530","Huila","Palestina","6","114.358531109805","0.827455765828911","0"
"41","41548","Huila","Pital","6","137.543919742522","0.995216608163487","0"
"41","41551","Huila","Pitalito","2","1392.81972864815","10.0779251363728","0"
"41","41615","Huila","Rivera","5","195.881170008605","1.41732323743565","0"
"41","41660","Huila","Saladoblanco","6","112.690053608984","0.815383283655421","0"
"41","41668","Huila","San Agustín","5","269.430797473379","1.94950096593287","0"
"41","41676","Huila","Santa María","6","103.752276076972","0.750712852155574","0"
"41","41770","Huila","Suaza","6","173.467357499302","1.25514523274246","0"
"41","41791","Huila","Tarqui","6","142.443982992867","1.03067164199504","0"
"41","41797","Huila","Tesalia","6","133.039648547664","0.962625378328056","0"
"41","41799","Huila","Tello","5","185.488214538026","1.34212368000274","0"
"41","41801","Huila","Teruel","6","89.0918108246992","0.644635182348153","0"
"41","41807","Huila","Timaná","5","182.652470496594","1.32160529160857","0"
"41","41872","Huila","Villavieja","6","134.750659091186","0.975005613767351","0"
"41","41885","Huila","Yaguará","3","536.161077753338","3.87946199461113","0"
"44","44001","La Guajira","Riohacha","2","2116.16724786635","21.9016422627307","61062"
"44","44035","La Guajira","Albania","2","3093.38552586093","32.0155333830184","5067"
"44","44078","La Guajira","Barrancas","3","1044.07194158531","10.8058047794719","9925"
"44","44090","La Guajira","Dibulla","5","200.080170467625","2.070764643894","7086"
"44","44098","La Guajira","Distracción","7","68.9390520318183","0.713496750814481","3656"
"44","44110","La Guajira","El Molino","7","48.7206820038124","0.504243201533168","3506"
"44","44279","La Guajira","Fonseca","5","192.105455736973","1.98822894197622","15583"
"44","44378","La Guajira","Hatonuevo","4","426.988459590431","4.41919158407402","6554"
"44","44420","La Guajira","La Jagua del Pilar","7","31.3818634977536","0.324792073291296","586"
"44","44430","La Guajira","Maicao","3","1021.11352912238","10.5681926827956","40938"
"44","44560","La Guajira","Manaure","4","356.302131872431","3.68761109859646","5981"
"44","44650","La Guajira","San Juan del Cesar","5","236.186623394561","2.44445468005687","14224"
"44","44847","La Guajira","Uribia","3","623.093642850234","6.44881640411316","5645"
"44","44855","La Guajira","Urumita","7","76.169153121143","0.78832594389524","3579"
"44","44874","La Guajira","Villanueva","6","127.434110719144","1.3189015697384","8582"
"47","47001","Magdalena","Santa Marta","2","5366.86721474662","43.3348606635123","214035"
"47","47030","Magdalena","Algarrobo","6","139.788336118948","1.12872329903262","0"
"47","47053","Magdalena","Aracataca","4","341.489820405665","2.75736536663801","11275"
"47","47058","Magdalena","Ariguaní","5","282.241216183997","2.27896150350558","0"
"47","47161","Magdalena","Cerro San Antonio","7","54.3952010040049","0.439214976251949","2031"
"47","47170","Magdalena","Chivolo","6","107.617481218661","0.868959183628511","3852"
"47","47189","Magdalena","Ciénaga","3","1077.13121658619","8.6973143398864","31801"
"47","47205","Magdalena","Concordia","7","59.4636862957262","0.480140546999869","2707"
"47","47245","Magdalena","El Banco","4","354.638014416802","2.8635306829484","0"
"47","47258","Magdalena","El Piñon","6","134.271351797726","1.08417631523805","4524"
"47","47268","Magdalena","El Retén","5","264.857859966693","2.1385992978838","4897"
"47","47288","Magdalena","Fundación","4","462.537282571525","3.73476515998784","26096"
"47","47318","Magdalena","Guamal","6","156.230924702932","1.26148926038836","0"
"47","47460","Magdalena","Nueva Granada","6","166.086832449921","1.34107095522788","212"
"47","47541","Magdalena","Pedraza","4","495.434456798319","4.00039395315498","2310"
"47","47545","Magdalena","Pijiño del Carmen","6","107.49388896661","0.867961235885918","0"
"47","47551","Magdalena","Pivijay","4","355.815584478588","2.87303899245321","10352"
"47","47555","Magdalena","Plato","4","453.734220461599","3.66368468516303","14563"
"47","47570","Magdalena","Puebloviejo","5","195.817360530456","1.58113061019429","6586"
"47","47605","Magdalena","Remolino","7","46.3167636974695","0.373985496734416","1864"
"47","47660","Magdalena","Sabanas de San Angel","6","130.133991797967","1.05076913150678","940"
"47","47675","Magdalena","Salamina","7","70.6651387111272","0.570586865164139","2849"
"47","47692","Magdalena","San Sebastián de Buenavista","6","126.278136904892","1.01963496555034","0"
"47","47703","Magdalena","San Zenón","7","56.0157883532392","0.452300436383914","0"
"47","47707","Magdalena","Santa Ana","6","173.747789199037","1.40292948087948","0"
"47","47720","Magdalena","Santa Bárbara de Pinto","6","98.5621452140216","0.795841718947419","0"
"47","47745","Magdalena","Sitionuevo","6","150.792722660674","1.21757840544607","6424"
"47","47798","Magdalena","Tenerife","7","79.9785371308036","0.645788059207377","3310"
"47","47960","Magdalena","Zapayán","7","68.5256624057544","0.553311627324927","2202"
"47","47980","Magdalena","Zona Bananera","3","807.713052016451","6.52189278487407","18279"
"50","50001","Meta","Villavicencio","2","8022.79375324212","29.4929889693814","0"
"50","50006","Meta","Acacías","2","3411.86094691435","12.542510797033","1"
"50","50110","Meta","Barranca de Upía","5","240.631044388019","0.884595685257222","0"
"50","50124","Meta","Cabuyaro","3","699.130238516822","2.5701072527765","202"
"50","50150","Meta","Castilla la Nueva","2","1921.80169466032","7.06483027300189","0"
"50","50223","Meta","Cubarral","7","61.1700391546039","0.224870206754886","0"
"50","50226","Meta","Cumaral","4","426.627297423046","1.56834571147365","0"
"50","50245","Meta","El Calvario","7","18.4153729900351","0.0676976635779358","465"
"50","50251","Meta","El Castillo","6","127.554446353674","0.468909209810384","0"
"50","50270","Meta","El Dorado","7","42.2005730236668","0.155135613973077","0"
"50","50287","Meta","Fuente de Oro","4","486.084024127809","1.78691752558148","0"
"50","50313","Meta","Granada","3","719.349861748498","2.64443760991623","0"
"50","50318","Meta","Guamal","4","475.148726469775","1.74671773693866","0"
"50","50325","Meta","Mapiripán","5","195.832018057769","0.719907768549509","0"
"50","50330","Meta","Mesetas","6","146.45347367445","0.538384858997856","0"
"50","50350","Meta","La Macarena","5","223.810581261032","0.822761148720167","2037"
"50","50370","Meta","Uribe","6","135.768911514659","0.499106811522929","0"
"50","50400","Meta","Lejanías","6","151.119784838747","0.555538916291266","0"
"50","50450","Meta","Puerto Concordia","5","205.285395682941","0.75465979765532","0"
"50","50568","Meta","Puerto Gaitán","2","6520.87293618953","23.9717035602537","0"
"50","50573","Meta","Puerto López","3","758.531829664719","2.78847638033642","0"
"50","50577","Meta","Puerto Lleras","5","255.245145269743","0.93831930440522","0"
"50","50590","Meta","Puerto Rico","5","321.032880976438","1.18016485387283","0"
"50","50606","Meta","Restrepo","5","200.578248724576","0.73735562187937","0"
"50","50680","Meta","San Carlos de Guaroa","3","540.786457150512","1.98801184551024","0"
"50","50683","Meta","San Juan de Arama","6","129.472103271656","0.475958803264814","0"
"50","50686","Meta","San Juanito","7","20.5536424420844","0.0755582616816037","3"
"50","50689","Meta","San Martín","4","374.509087210085","1.37675138084617","0"
"50","50711","Meta","Vistahermosa","4","369.755485575281","1.35927643073625","0"
"52","52001","Nariño","Pasto","2","4243.18820684274","32.9440186714256","136572"
"52","52019","Nariño","Albán","7","84.7251003720402","0.657803791048844","2197"
"52","52022","Nariño","Aldana","7","56.4660126629523","0.438400863876222","1866"
"52","52036","Nariño","Ancuyá","7","35.9956609341472","0.27946950926959","1789"
"52","52051","Nariño","Arboleda","7","46.4654729091217","0.36075689610613","1861"
"52","52079","Nariño","Barbacoas","4","340.849492456877","2.64634786303776","5695"
"52","52083","Nariño","Belén","7","35.6318260346674","0.276644703218694","1592"
"52","52110","Nariño","Buesaco","6","148.17638232408","1.15043813000721","6138"
"52","52203","Nariño","Colón","7","70.2878179429876","0.545713052028514","2003"
"52","52207","Nariño","Consaca","7","77.164316497561","0.599102033552023","2497"
"52","52210","Nariño","Contadero","7","62.6477519153492","0.486395749661498","1698"
"52","52215","Nariño","Córdoba","6","97.4707863017209","0.756761012548091","3775"
"52","52224","Nariño","Cuaspud","5","195.208893894536","1.51559750164254","1990"
"52","52227","Nariño","Cumbal","6","178.234201464978","1.38380636792869","7823"
"52","52233","Nariño","Cumbitara","7","53.0427578067172","0.411822789465337","1924"
"52","52240","Nariño","Chachagüí","6","113.581385504307","0.881843345705491","5631"
"52","52250","Nariño","El Charco","6","173.845436652221","1.34973209573335","2470"
"52","52254","Nariño","El Peñol","7","41.0513854684493","0.318722041878687","1684"
"52","52256","Nariño","El Rosario","7","43.6921484399105","0.33922486673532","1947"
"52","52258","Nariño","El Tablón de Gómez","7","65.7213279637208","0.510258925601305","3839"
"52","52260","Nariño","El Tambo","6","108.709787016127","0.84402036361493","3527"
"52","52287","Nariño","Funes","7","45.2331081661727","0.351188843707172","1646"
"52","52317","Nariño","Guachucal","6","139.576166801583","1.08366624836063","4728"
"52","52320","Nariño","Guaitarilla","6","92.3063747369384","0.716664636256615","3447"
"52","52323","Nariño","Gualmatán","7","82.045995137549","0.637003277716568","1726"
"52","52352","Nariño","Iles","7","87.015962228042","0.675589991443178","2244"
"52","52354","Nariño","Imués","7","51.0108602307785","0.396047181969963","2285"
"52","52356","Nariño","Ipiales","3","1102.99771936626","8.56364971102228","35660"
"52","52378","Nariño","La Cruz","7","73.8311481915996","0.573223389109734","4277"
"52","52381","Nariño","La Florida","7","70.892101477163","0.550404695920389","2598"
"52","52385","Nariño","La Llanada","7","23.7725408664774","0.184569477476747","1382"
"52","52390","Nariño","La Tola","7","33.36762297216","0.259065481102915","1146"
"52","52399","Nariño","La Unión","5","199.975061686689","1.55260192215885","8788"
"52","52405","Nariño","Leiva","7","65.2983701935922","0.506975090900343","2043"
"52","52411","Nariño","Linares","7","57.1520430769298","0.443727188721015","3051"
"52","52418","Nariño","Los Andes","6","93.7787148323645","0.728095851943957","2888"
"52","52427","Nariño","Magüi","5","184.614187633804","1.43334043835485","894"
"52","52435","Nariño","Mallama","7","37.2761348631298","0.289411080316721","2248"
"52","52473","Nariño","Mosquera","7","77.0961887464924","0.598573091211066","932"
"52","52480","Nariño","Nariño","7","41.8449492270902","0.324883253214888","925"
"52","52490","Nariño","Olaya Herrera","6","94.5104161132706","0.733776764381732","4588"
"52","52506","Nariño","Ospina","6","116.706486458687","0.906106559867228","1779"
"52","52520","Nariño","Francisco Pizarro","7","41.1251909351541","0.319295065877305","1451"
"52","52540","Nariño","Policarpa","7","74.50454624073","0.578451636555388","3560"
"52","52560","Nariño","Potosí","6","99.8831226167168","0.775490337934795","3360"
"52","52565","Nariño","Providencia","7","41.8836826939841","0.325183978988612","1638"
"52","52573","Nariño","Puerres","7","58.1472430550135","0.451453899171171","2571"
"52","52585","Nariño","Pupiales","6","161.769586177955","1.25597546178155","5154"
"52","52612","Nariño","Ricaurte","7","63.8812412039765","0.495972533008042","2330"
"52","52621","Nariño","Roberto Payán","6","127.938526103617","0.99331186534579","1127"
"52","52678","Nariño","Samaniego","5","190.684564420243","1.48047070843632","7827"
"52","52683","Nariño","Sandoná","6","129.907533305752","1.00859919338057","4973"
"52","52685","Nariño","San Bernardo","7","54.578768067435","0.423748338897008","1808"
"52","52687","Nariño","San Lorenzo","6","110.385673356326","0.85703190781032","4448"
"52","52693","Nariño","San Pablo","7","85.2359828087575","0.661770270901653","3784"
"52","52694","Nariño","San Pedro de Cartago","7","31.2968316858034","0.242987903706667","1454"
"52","52696","Nariño","Santa Bárbara","5","196.450777734315","1.52523946009714","1189"
"52","52699","Nariño","Santacruz","7","75.7145066226606","0.587845741994718","2049"
"52","52720","Nariño","Sapuyes","6","97.0897388005036","0.753802568240916","1991"
"52","52786","Nariño","Taminango","6","112.59306524097","0.874170049207304","5064"
"52","52788","Nariño","Tangua","7","69.17649788799","0.537084787889127","2930"
"52","52835","Nariño","San Andres de Tumaco","2","1450.58469089531","11.2623072114205","44996"
"52","52838","Nariño","Túquerres","4","484.037314642258","3.75805492330646","11299"
"52","52885","Nariño","Yacuanquer","7","80.6683674181672","0.626307406806011","3094"
"54","54001","Norte De Santander","Cúcuta","2","7590.03338788638","55.3346565844788","69432"
"54","54003","Norte De Santander","Abrego","5","304.112683189424","2.21711421113489","1292"
"54","54051","Norte De Santander","Arboledas","7","80.6888968221496","0.588257279995634","584"
"54","54099","Norte De Santander","Bochalema","7","79.5454617928958","0.579921139502313","805"
"54","54109","Norte De Santander","Bucarasica","7","37.9544362921277","0.276704408367196","115"
"54","54125","Norte De Santander","Cácota","7","34.1990140898192","0.249325741202685","101"
"54","54128","Norte De Santander","Cachirá","7","63.1653011193745","0.460502617956087","301"
"54","54172","Norte De Santander","Chinácota","6","144.431340227477","1.05296751714936","2026"
"54","54174","Norte De Santander","Chitagá","6","108.476856520034","0.790843636139974","369"
"54","54206","Norte De Santander","Convención","6","117.174173605652","0.854250874230265","1417"
"54","54223","Norte De Santander","Cucutilla","7","64.2892694900844","0.468696838011075","416"
"54","54239","Norte De Santander","Durania","7","47.3582657627869","0.345262430149869","651"
"54","54245","Norte De Santander","El Carmen","6","154.655210727415","1.12750399599821","781"
"54","54250","Norte De Santander","El Tarra","7","83.8504891318216","0.611306668025342","803"
"54","54261","Norte De Santander","El Zulia","4","383.0665646756","2.79272247196572","2323"
"54","54313","Norte De Santander","Gramalote","7","35.3942762556916","0.258039724145438","234"
"54","54344","Norte De Santander","Hacarí","7","78.6879655190859","0.573669617353613","308"
"54","54347","Norte De Santander","Herrán","7","23.6522811097126","0.172435453938097","142"
"54","54377","Norte De Santander","Labateca","7","42.6648868760105","0.311045649320538","375"
"54","54385","Norte De Santander","La Esperanza","6","107.673028022185","0.784983375504985","485"
"54","54398","Norte De Santander","La Playa","6","147.947801702281","1.07860405629969","362"
"54","54405","Norte De Santander","Los Patios","4","517.76389391976","3.77472479997493","7211"
"54","54418","Norte De Santander","Lourdes","7","30.4373437332473","0.221901522266161","293"
"54","54480","Norte De Santander","Mutiscua","7","44.384111077721","0.323579544223452","91"
"54","54498","Norte De Santander","Ocaña","3","861.227107423981","6.27872155432255","7641"
"54","54518","Norte De Santander","Pamplona","4","400.502241657699","2.91983616815342","4728"
"54","54520","Norte De Santander","Pamplonita","7","35.3457809471179","0.257686172176857","301"
"54","54553","Norte De Santander","Puerto Santander","6","88.4342269903323","0.644724117898326","1322"
"54","54599","Norte De Santander","Ragonvalia","7","39.6846408735296","0.289318355031194","219"
"54","54660","Norte De Santander","Salazar","7","79.5641243164278","0.58005719744539","877"
"54","54670","Norte De Santander","San Calixto","6","137.695886270209","1.00386311765346","426"
"54","54673","Norte De Santander","San Cayetano","7","78.730160801278","0.573977239379797","541"
"54","54680","Norte De Santander","Santiago","7","24.4518848270838","0.178264914079211","190"
"54","54720","Norte De Santander","Sardinata","5","262.095098795381","1.91078767946713","2672"
"54","54743","Norte De Santander","Silos","6","104.535738525723","0.762111165592195","206"
"54","54800","Norte De Santander","Teorama","6","141.600400727012","1.0323287324347","965"
"54","54810","Norte De Santander","Tibú","4","430.665056070559","3.13973625183695","3879"
"54","54820","Norte De Santander","Toledo","6","100.536171364256","0.732952575101726","1334"
"54","54871","Norte De Santander","Villa Caro","7","63.4837313342997","0.462824113223437","343"
"54","54874","Norte De Santander","Villa del Rosario","3","546.440597759919","3.98379048886934","7553"
"63","63001","Quindío","Armenia","2","4089.06803141297","55.4791693327596","49534"
"63","63111","Quindío","Buenavista","7","81.4112113280095","1.10456131914514","217"
"63","63130","Quindío","Calarca","3","805.050007599381","10.9226614352787","8468"
"63","63190","Quindío","Circasia","5","317.723841164816","4.31077562163882","2539"
"63","63212","Quindío","Córdoba","6","98.7089574785007","1.33925161541457","349"
"63","63272","Quindío","Filandia","5","196.506633202375","2.66613925097203","1188"
"63","63302","Quindío","Génova","6","127.695017483532","1.73252522176076","1515"
"63","63401","Quindío","La Tebaida","4","425.918489997748","5.77872606838806","2926"
"63","63470","Quindío","Montenegro","4","493.602285369038","6.6970381912583","3241"
"63","63548","Quindío","Pijao","6","110.975982224615","1.50568669007477","1011"
"63","63594","Quindío","Quimbaya","4","523.783909690124","7.1065328324782","4736"
"63","63690","Quindío","Salento","6","100.01211354712","1.356932420831","1145"
"66","66001","Risaralda","Pereira","2","7684.60792213244","60.6292146065769","124308"
"66","66045","Risaralda","Apía","5","187.924143619946","1.48266422291707","744"
"66","66075","Risaralda","Balboa","5","241.85162555662","1.90813562089356","739"
"66","66088","Risaralda","Belén de Umbría","4","362.747810351014","2.86196967557644","2077"
"66","66170","Risaralda","Dosquebradas","2","2091.11957382121","16.4982961647363","28552"
"66","66318","Risaralda","Guática","6","130.711750549654","1.03127587717932","481"
"66","66383","Risaralda","La Celia","6","94.88209987307","0.74859085249605","632"
"66","66400","Risaralda","La Virginia","5","272.95544620557","2.1535352868646","4906"
"66","66440","Risaralda","Marsella","5","222.988926364982","1.75931467271541","1557"
"66","66456","Risaralda","Mistrató","6","121.759960310338","0.960648980266415","822"
"66","66572","Risaralda","Pueblo Rico","6","102.591124247844","0.809412705473009","579"
"66","66594","Risaralda","Quinchía","5","238.036381386284","1.87803450709261","1123"
"66","66682","Risaralda","Santa Rosa de Cabal","3","727.133841331561","5.736864412669","10244"
"66","66687","Risaralda","Santuario","5","195.450187371853","1.54204241454331","1968"
"68","68001","Santander","Bucaramanga","1","12049.2364502264","30.3872334994415","25216"
"68","68013","Santander","Aguada","7","14.1553509531031","0.0356986898261427","74"
"68","68020","Santander","Albania","7","36.9303436029175","0.093135442972851","467"
"68","68051","Santander","Aratoca","5","215.172883740046","0.542649211671342","240"
"68","68077","Santander","Barbosa","4","353.434979971096","0.891335422590227","1880"
"68","68079","Santander","Barichara","6","126.853100623839","0.319913614834266","645"
"68","68081","Santander","Barrancabermeja","1","9426.22163352796","23.7721949418727","15942"
"68","68092","Santander","Betulia","6","146.175101955523","0.368642193492989","329"
"68","68101","Santander","Bolívar","6","113.831329473909","0.287073724759591","366"
"68","68121","Santander","Cabrera","7","18.2482823302525","0.046020743175199","55"
"68","68132","Santander","California","7","15.6624171357337","0.0394993930640517","76"
"68","68147","Santander","Capitanejo","7","57.2211312210288","0.144307225001208","374"
"68","68152","Santander","Carcasí","6","98.9881172626466","0.249640302549928","474"
"68","68160","Santander","Cepitá","7","13.3187074770465","0.0335887403062925","230"
"68","68162","Santander","Cerrito","6","116.304182929446","0.293310068089203","307"
"68","68167","Santander","Charalá","6","101.322804547074","0.255528201584289","530"
"68","68169","Santander","Charta","7","18.0916650267834","0.0456257665648363","322"
"68","68176","Santander","Chima","6","111.969317514225","0.282377875986817","240"
"68","68179","Santander","Chipatá","7","35.8175240562117","0.0903289989671932","188"
"68","68190","Santander","Cimitarra","3","560.175892411865","1.41271986102966","1762"
"68","68207","Santander","Concepción","6","157.196457633454","0.396437191943651","382"
"68","68209","Santander","Confines","7","46.0095886524355","0.116032590062463","268"
"68","68211","Santander","Contratación","7","36.0204772640076","0.0908408311102697","282"
"68","68217","Santander","Coromoro","7","50.7965836542448","0.128105017679062","144"
"68","68229","Santander","Curití","5","202.972497635546","0.511880790545883","441"
"68","68235","Santander","El Carmen de Chucurí","5","271.957350741008","0.685855203605142","1251"
"68","68245","Santander","El Guacamayo","7","23.9012298508784","0.0602770354289808","253"
"68","68250","Santander","El Peñón","7","40.336112146295","0.101724525310157","200"
"68","68255","Santander","El Playón","6","153.184376198339","0.386319035835483","1110"
"68","68264","Santander","Encino","7","28.5797101755422","0.0720757975028573","50"
"68","68266","Santander","Enciso","7","29.0097149472069","0.073160235961379","196"
"68","68271","Santander","Florián","7","50.8406288401969","0.128216096198899","258"
"68","68276","Santander","Floridablanca","2","2669.25284838993","6.73164726313841","13792"
"68","68296","Santander","Galán","7","35.8486078174107","0.0904073897858559","337"
"68","68298","Santander","Gambita","7","37.7049242944329","0.0950888749960723","721"
"68","68307","Santander","Girón","2","2334.06197568358","5.88632205453418","6455"
"68","68318","Santander","Guaca","6","92.5794385488684","0.233478115235991","443"
"68","68320","Santander","Guadalupe","7","68.6174537553133","0.173047860585444","359"
"68","68322","Santander","Guapotá","7","25.7289992780701","0.0648865272085341","124"
"68","68324","Santander","Guavatá","7","35.4557574495867","0.0894166518327317","141"
"68","68327","Santander","Güepsa","7","38.2450634640638","0.0964510638067549","290"
"68","68344","Santander","Hato","7","50.8950105267178","0.128353242566075","171"
"68","68368","Santander","Jesús María","7","34.4605164115471","0.0869067316451693","214"
"68","68370","Santander","Jordán","7","12.10906748179","0.0305381226893204","24"
"68","68377","Santander","La Belleza","7","75.1879184131096","0.189618059417631","332"
"68","68385","Santander","Landázuri","5","185.576491390303","0.468009421109689","263"
"68","68397","Santander","La Paz","7","53.5131218930799","0.134955915004767","256"
"68","68406","Santander","Lebríja","3","694.341738211503","1.7510756482038","1589"
"68","68418","Santander","Los Santos","5","247.377983299264","0.623867958122311","772"
"68","68425","Santander","Macaravita","7","33.4537756001327","0.0843678099270805","88"
"68","68432","Santander","Málaga","5","187.062404950105","0.471756779084464","1183"
"68","68444","Santander","Matanza","7","73.806857573804","0.186135131816843","344"
"68","68464","Santander","Mogotes","6","98.5654564531821","0.248574384990644","315"
"68","68468","Santander","Molagavita","7","53.8201065644404","0.135730106375972","359"
"68","68498","Santander","Ocamonte","7","60.9611967272196","0.153739378176167","176"
"68","68500","Santander","Oiba","6","116.949874399598","0.29493845156007","1080"
"68","68502","Santander","Onzaga","7","45.366740567986","0.114411377388322","166"
"68","68522","Santander","Palmar","7","18.4964814084005","0.0466466818704169","59"
"68","68524","Santander","Palmas del Socorro","7","34.9380055902653","0.0881109220706042","160"
"68","68533","Santander","Páramo","6","169.415533425997","0.427252747003025","157"
"68","68547","Santander","Piedecuesta","2","1705.52769283369","4.30120767037708","8523"
"68","68549","Santander","Pinchote","7","69.3058498928428","0.174783941892972","342"
"68","68572","Santander","Puente Nacional","6","107.406441232431","0.270870658282467","986"
"68","68573","Santander","Puerto Parra","6","126.078400863183","0.317959882527969","360"
"68","68575","Santander","Puerto Wilches","3","683.860075061384","1.72464171216802","1374"
"68","68615","Santander","Rionegro","3","763.147153546156","1.92459753321593","1817"
"68","68655","Santander","Sabana de Torres","4","427.723154821902","1.07868439899747","2042"
"68","68669","Santander","San Andrés","6","114.475147600305","0.288697383803778","543"
"68","68673","Santander","San Benito","7","30.857359879243","0.0778198522122317","161"
"68","68679","Santander","San Gil","3","655.466530821034","1.65303541061752","3067"
"68","68682","Santander","San Joaquín","7","22.000977179438","0.055484746567066","114"
"68","68684","Santander","San José de Miranda","7","40.2449548048576","0.101494633612796","168"
"68","68686","Santander","San Miguel","6","92.9960048004389","0.234528662796141","168"
"68","68689","Santander","San Vicente de Chucurí","4","455.180382207834","1.14792938255059","1625"
"68","68705","Santander","Santa Bárbara","7","30.9941206977761","0.0781647523180191","218"
"68","68720","Santander","Santa Helena del Opón","7","47.7127495768618","0.120327828927719","198"
"68","68745","Santander","Simacota","7","82.7212675653428","0.208616577760877","423"
"68","68755","Santander","Socorro","4","393.05213366651","0.991246790824949","1832"
"68","68770","Santander","Suaita","5","312.365205435017","0.787760658018833","822"
"68","68773","Santander","Sucre","7","65.9244877790555","0.166256410665391","281"
"68","68780","Santander","Suratá","7","30.9459212865025","0.0780431971662918","352"
"68","68820","Santander","Tona","4","464.429688560741","1.17125541096863","377"
"68","68855","Santander","Valle de San José","6","166.640631926054","0.420254662089924","226"
"68","68861","Santander","Vélez","5","195.685248413755","0.493502917011247","1078"
"68","68867","Santander","Vetas","7","25.1108087843729","0.0633274990529568","88"
"68","68872","Santander","Villanueva","6","128.590210624808","0.324294470619752","349"
"68","68895","Santander","Zapatoca","6","110.126334148594","0.277730015842453","929"
"70","70001","Sucre","Sincelejo","2","2705.05269041967","44.1370802166276","0"
"70","70110","Sucre","Buenavista","7","60.0928650166865","0.980507186821924","0"
"70","70124","Sucre","Caimito","7","66.2149677241066","1.08039867479509","0"
"70","70204","Sucre","Coloso","7","43.695627086883","0.71296112075007","0"
"70","70215","Sucre","Corozal","4","345.051562814888","5.63004504894529","0"
"70","70221","Sucre","Coveñas","6","146.484647333838","2.39012151326152","0"
"70","70230","Sucre","Chalán","7","20.7954662935765","0.339309902240523","0"
"70","70233","Sucre","El Roble","7","45.1101058094465","0.736040508838741","0"
"70","70235","Sucre","Galeras","6","127.389589061012","2.0785563738046","0"
"70","70265","Sucre","Guaranda","6","112.500116983885","1.83561181831447","0"
"70","70400","Sucre","La Unión","7","66.4687382581194","1.08453932996828","0"
"70","70418","Sucre","Los Palmitos","6","120.054062823383","1.958866021329","0"
"70","70429","Sucre","Majagual","5","194.658791087246","3.17615649688384","0"
"70","70473","Sucre","Morroa","7","75.7939385144101","1.23669426329202","0"
"70","70508","Sucre","Ovejas","6","125.407193524415","2.04621055254584","0"
"70","70523","Sucre","Palmito","7","68.9212604785776","1.12455598855715","0"
"70","70670","Sucre","Sampués","5","199.32912782753","3.25236019822933","0"
"70","70678","Sucre","San Benito Abad","6","119.834949463784","1.9552908510695","0"
"70","70702","Sucre","San Juan de Betulia","7","64.6153984423271","1.05429925057611","0"
"70","70708","Sucre","San Marcos","5","323.520704793393","5.27873610365444","0"
"70","70713","Sucre","San Onofre","5","246.880167987172","4.02822829179485","0"
"70","70717","Sucre","San Pedro","6","92.0689610423982","1.50224619778458","0"
"70","70742","Sucre","San Luis de Sincé","5","191.28495799176","3.121107239433","0"
"70","70771","Sucre","Sucre","6","109.151955234001","1.78098142820922","0"
"70","70820","Sucre","Santiago de Tolú","5","221.80738742215","3.61912745210638","0"
"70","70823","Sucre","Tolú Viejo","5","236.567908239189","3.85996797016659","0"
"73","73001","Tolima","Ibagué","2","7636.48709969731","42.2031193995012","0"
"73","73024","Tolima","Alpujarra","7","57.6756266959519","0.318744905623791","0"
"73","73026","Tolima","Alvarado","6","129.402880044361","0.715146261082265","0"
"73","73030","Tolima","Ambalema","6","127.330405834325","0.703692712428723","0"
"73","73043","Tolima","Anzoátegui","6","138.420566696141","0.76498259308988","0"
"73","73055","Tolima","Armero","6","164.487731760042","0.909043031513446","0"
"73","73067","Tolima","Ataco","5","231.262147318662","1.27807248129332","0"
"73","73124","Tolima","Cajamarca","5","264.827793704319","1.46357334885734","0"
"73","73148","Tolima","Carmen de Apicalá","7","74.6093510443594","0.412329296093384","0"
"73","73152","Tolima","Casabianca","7","62.1301246242502","0.343362731265146","0"
"73","73168","Tolima","Chaparral","4","376.100485894566","2.07852295239888","0"
"73","73200","Tolima","Coello","5","226.754271967612","1.25315966481177","1"
"73","73217","Tolima","Coyaima","5","190.007166129509","1.05007643098649","0"
"73","73226","Tolima","Cunday","7","84.8631039077919","0.468996759907416","0"
"73","73236","Tolima","Dolores","7","83.3409226116968","0.460584410335145","0"
"73","73268","Tolima","Espinal","2","1846.13114352539","10.202661519644","0"
"73","73270","Tolima","Falan","6","91.4247810620213","0.50525993180643","0"
"73","73275","Tolima","Flandes","5","220.248537541028","1.21720566093511","8402"
"73","73283","Tolima","Fresno","4","336.785433028864","1.86124793462864","0"
"73","73319","Tolima","Guamo","4","408.619829507505","2.25824141762678","0"
"73","73347","Tolima","Herveo","6","97.9724500369198","0.541445687367649","0"
"73","73349","Tolima","Honda","5","184.572935698473","1.02004410424629","0"
"73","73352","Tolima","Icononzo","6","94.8116850803678","0.523977689436976","683"
"73","73408","Tolima","Lérida","5","259.076263647308","1.43178746268259","0"
"73","73411","Tolima","Líbano","4","434.075790848685","2.39892403279855","0"
"73","73443","Tolima","Mariquita","4","397.118511317485","2.19467927203705","4"
"73","73449","Tolima","Melgar","3","620.117863940037","3.42708733897584","0"
"73","73461","Tolima","Murillo","7","49.2720617171491","0.272302522948132","0"
"73","73483","Tolima","Natagaima","6","148.9880006297","0.823383618354757","0"
"73","73504","Tolima","Ortega","5","231.748353350575","1.28075950360471","0"
"73","73520","Tolima","Palocabildo","6","88.8125316806396","0.49082331047722","0"
"73","73547","Tolima","Piedras","6","137.787878750423","0.761486037073066","1"
"73","73555","Tolima","Planadas","4","359.771532207401","1.98828083280495","0"
"73","73563","Tolima","Prado","6","152.111974676115","0.840648290966728","0"
"73","73585","Tolima","Purificación","4","391.806371212462","2.16532167865775","0"
"73","73616","Tolima","Rioblanco","5","200.704860945451","1.10919734427063","0"
"73","73622","Tolima","Roncesvalles","7","82.361690809873","0.455172676364719","0"
"73","73624","Tolima","Rovira","5","220.73722301113","1.21990638588551","0"
"73","73671","Tolima","Saldaña","5","294.19962639712","1.62589706471428","0"
"73","73675","Tolima","San Antonio","6","124.535806174181","0.688248330530204","0"
"73","73678","Tolima","San Luis","6","119.966412316967","0.662995531432695","0"
"73","73686","Tolima","Santa Isabel","7","87.0199156814602","0.48091640091748","0"
"73","73770","Tolima","Suárez","7","41.7094820220456","0.230507853530914","0"
"73","73854","Tolima","Valle de San Juan","7","79.8867410464297","0.441494842694509","0"
"73","73861","Tolima","Venadillo","5","268.419727813419","1.48342420725629","0"
"73","73870","Tolima","Villahermosa","6","111.53432744932","0.61639553331705","0"
"73","73873","Tolima","Villarrica","7","64.5740309040079","0.356869002824211","0"
"76","76001","Valle Del Cauca","Cali","1","32558.6383628787","46.2418317855246","756234"
"76","76020","Valle Del Cauca","Alcalá","5","231.728487565198","0.329115413933314","15"
"76","76036","Valle Del Cauca","Andalucía","5","256.671193075807","0.364540617519608","0"
"76","76041","Valle Del Cauca","Ansermanuevo","5","270.276762558399","0.383864105447702","0"
"76","76054","Valle Del Cauca","Argelia","6","174.297468085467","0.247548257701106","0"
"76","76100","Valle Del Cauca","Bolívar","5","214.276813413172","0.304329445566963","0"
"76","76109","Valle Del Cauca","Buenaventura","2","3234.65388685646","4.5940594705873","0"
"76","76111","Valle Del Cauca","Guadalajara de Buga","2","2771.61834645337","3.93642719090169","0"
"76","76113","Valle Del Cauca","Bugalagrande","3","855.931942628176","1.21564853142003","0"
"76","76122","Valle Del Cauca","Caicedonia","3","579.6866606181","0.82330755819251","0"
"76","76126","Valle Del Cauca","Calima","5","242.647890141367","0.344623838195348","0"
"76","76130","Valle Del Cauca","Candelaria","2","1706.43305307611","2.42358385243688","0"
"76","76147","Valle Del Cauca","Cartago","2","1830.68764382274","2.60005805936919","0"
"76","76233","Valle Del Cauca","Dagua","3","530.130578802202","0.752924885129219","0"
"76","76243","Valle Del Cauca","El Águila","6","161.750108620461","0.229727706384843","0"
"76","76246","Valle Del Cauca","El Cairo","5","280.600693484413","0.39852680331379","0"
"76","76248","Valle Del Cauca","El Cerrito","3","817.710330627896","1.16136378729192","0"
"76","76250","Valle Del Cauca","El Dovio","6","120.639529841389","0.171339869420665","0"
"76","76275","Valle Del Cauca","Florida","4","479.522378681575","0.681047927288919","0"
"76","76306","Valle Del Cauca","Ginebra","5","269.203280935639","0.38233947913897","0"
"76","76318","Valle Del Cauca","Guacarí","5","309.072069072316","0.438963646708916","0"
"76","76364","Valle Del Cauca","Jamundí","2","1556.66356947995","2.21087178536977","1219"
"76","76377","Valle Del Cauca","La Cumbre","6","103.187291029771","0.146553099089146","0"
"76","76400","Valle Del Cauca","La Unión","5","317.934462179338","0.451550576380378","0"
"76","76403","Valle Del Cauca","La Victoria","6","144.683412033188","0.205488507437781","0"
"76","76497","Valle Del Cauca","Obando","5","185.819595309909","0.263912709524482","0"
"76","76520","Valle Del Cauca","Palmira","2","4660.6632883426","6.61936796577549","0"
"76","76563","Valle Del Cauca","Pradera","3","619.817382299449","0.880303740303627","0"
"76","76606","Valle Del Cauca","Restrepo","5","234.011639849994","0.332358090814257","0"
"76","76616","Valle Del Cauca","Riofrío","4","440.778282106035","0.626021117612169","21"
"76","76622","Valle Del Cauca","Roldanillo","4","390.953650694079","0.555257033474231","0"
"76","76670","Valle Del Cauca","San Pedro","5","279.169984763292","0.396494820548454","4174"
"76","76736","Valle Del Cauca","Sevilla","3","738.966370584859","1.04952664859303","0"
"76","76823","Valle Del Cauca","Toro","6","128.109609990451","0.181949348411382","0"
"76","76828","Valle Del Cauca","Trujillo","4","490.589055165656","0.696765519244028","0"
"76","76834","Valle Del Cauca","Tuluá","2","2714.20895616748","3.8548907538148","60759"
"76","76845","Valle Del Cauca","Ulloa","7","86.141046349973","0.122342947231051","0"
"76","76863","Valle Del Cauca","Versalles","6","120.557828905751","0.171223832598719","0"
"76","76869","Valle Del Cauca","Vijes","6","114.604381353111","0.162768370880547","0"
"76","76890","Valle Del Cauca","Yotoco","4","347.589429095715","0.49366843083328","0"
"76","76892","Valle Del Cauca","Yumbo","2","7958.86546277366","11.30368272258","35125"
"76","76895","Valle Del Cauca","Zarzal","3","879.998763227277","1.24982974801","0"
"81","81001","Arauca","Arauca","2","1884.68557866998","42.5530035964261","0"
"81","81065","Arauca","Arauquita","3","817.378624700943","18.4550229227554","0"
"81","81220","Arauca","Cravo Norte","7","47.7556097459768","1.07824066585374","0"
"81","81300","Arauca","Fortul","5","268.506725101789","6.06242641649762","0"
"81","81591","Arauca","Puerto Rondón","7","71.442043499186","1.61304016349627","0"
"81","81736","Arauca","Saravena","3","547.796028233702","12.3683051556996","0"
"81","81794","Arauca","Tame","3","791.466056236867","17.8699610792713","0"
"85","85001","Casanare","Yopal","2","3636.21723073147","32.1455498291382","0"
"85","85010","Casanare","Aguazul","2","1682.38326792093","14.8729109783635","0"
"85","85015","Casanare","Chameza","7","21.3461799861991","0.188708388104217","0"
"85","85125","Casanare","Hato Corozal","5","269.110774189171","2.37904207926427","0"
"85","85136","Casanare","La Salina","7","13.4437141700763","0.118847570516557","0"
"85","85139","Casanare","Maní","3","539.085411881687","4.76572104200669","0"
"85","85162","Casanare","Monterrey","5","189.832253118763","1.67818965826176","0"
"85","85225","Casanare","Nunchía","4","344.479585553968","3.04533117244989","0"
"85","85230","Casanare","Orocué","3","697.179883156343","6.16333658079241","0"
"85","85250","Casanare","Paz de Ariporo","3","829.813484344859","7.33586829864191","0"
"85","85263","Casanare","Pore","6","143.182755457553","1.26579027274126","0"
"85","85279","Casanare","Recetor","7","32.9811211436781","0.291565714002097","0"
"85","85300","Casanare","Sabanalarga","7","45.9142264352709","0.405899306913639","0"
"85","85315","Casanare","Sácama","7","17.1113271219537","0.151270670517888","0"
"85","85325","Casanare","San Luis de Palenque","3","704.622933675236","6.22913599159597","0"
"85","85400","Casanare","Támara","7","71.8418403497114","0.635109321649102","0"
"85","85410","Casanare","Tauramena","3","1190.48066533291","10.5243040005029","0"
"85","85430","Casanare","Trinidad","4","366.440035923456","3.23946994547382","0"
"85","85440","Casanare","Villanueva","4","516.26152712598","4.56394917906397","0"
"86","86001","Putumayo","Mocoa","3","534.504086814437","16.5729023402135","11936"
"86","86219","Putumayo","Colón","7","35.1616825430154","1.09022764330199","0"
"86","86320","Putumayo","Orito","4","447.084421903464","13.8623569862606","7076"
"86","86568","Putumayo","Puerto Asís","3","755.434672129974","23.423104433564","0"
"86","86569","Putumayo","Puerto Caicedo","7","86.4420618044898","2.68023366651987","0"
"86","86571","Putumayo","Puerto Guzmán","5","199.976093473156","6.2004844289593","2445"
"86","86573","Putumayo","Puerto Leguízamo","6","140.770656002172","4.36475303340707","0"
"86","86749","Putumayo","Sibundoy","6","93.7626872043606","2.90721791755604","0"
"86","86755","Putumayo","San Francisco","7","34.807504981058","1.07924596834344","0"
"86","86757","Putumayo","San Miguel","6","173.877211003035","5.39125912828131","0"
"86","86760","Putumayo","Santiago","7","51.6357804413724","1.6010256378314","0"
"86","86865","Putumayo","Valle del Guamuez","5","252.43234801661","7.82694979213969","0"
"86","86885","Putumayo","Villagarzón","4","419.279661766283","13.0002390236218","4869"
"88","88001","Archipiélago De San Andrés","San Andrés","2","1449.55901713613","93.2115185049127","0"
"88","88564","Archipiélago De San Andrés","Providencia","6","105.569619739077","6.7884814950873","0"
"91","91001","Amazonas","Leticia","3","692.812049571274","64.7367259746473","0"
"91","91263","Amazonas","El Encanto ","7","23.8670468459234","2.23014953686896","0"
"91","91405","Amazonas","La Chorrera ","7","29.4818442291917","2.75479918727377","0"
"91","91407","Amazonas","La Pedrera ","7","26.5824646670533","2.48387962066578","0"
"91","91430","Amazonas","La Victoria ","7","5.326240784076","0.497686768477958","0"
"91","91460","Amazonas","Miriti - Paraná ","7","7.73394184623636","0.722663634839328","0"
"91","91530","Amazonas","Puerto Alegría ","7","11.51745080727","1.07619672218189","0"
"91","91536","Amazonas","Puerto Arica ","7","7.11857372730036","0.665163310886033","0"
"91","91540","Amazonas","Puerto Nariño","5","223.308042962258","20.8660221688238","0"
"91","91669","Amazonas","Puerto Santander ","7","15.793973506776","1.47579727516533","0"
"91","91798","Amazonas","Tarapacá ","7","26.6577658175207","2.49091580016987","0"
"94","94001","Guainía","Inírida","3","689.684535436114","82.137347553657","0"
"94","94343","Guainía","Barranco Minas ","7","33.1008825915804","3.94211927057088","0"
"94","94663","Guainía","Mapiripana ","7","19.136908023198","2.27909251932094","0"
"94","94883","Guainía","San Felipe ","7","14.272989313587","1.69982857907406","0"
"94","94884","Guainía","Puerto Colombia ","7","32.5370410057421","3.87496907374659","0"
"94","94885","Guainía","La Guadalupe ","7","2.51004722395899","0.298931773321615","0"
"94","94886","Guainía","Cacahual ","7","18.2469362780276","2.17310215011572","0"
"94","94887","Guainía","Pana Pana ","7","21.846680875765","2.60181043330464","0"
"94","94888","Guainía","Morichal ","7","8.33625499184305","0.992798646888534","0"
"95","95001","Guaviare","San José del Guaviare","3","646.331865763692","63.0767791930467","0"
"95","95015","Guaviare","Calamar","6","94.3852146705177","9.2112359922499","0"
"95","95025","Guaviare","El Retorno","5","197.469796397415","19.2714600725096","0"
"95","95200","Guaviare","Miraflores","7","86.4879306527454","8.44052474219385","0"
"97","97001","Vaupés","Mitú","5","313.629983921406","64.584471355781","0"
"97","97161","Vaupés","Caruru","7","72.6378162173982","14.9579925432596","0"
"97","97511","Vaupés","Pacoa ","7","18.7059721215466","3.85204024679224","0"
"97","97666","Vaupés","Taraira","7","73.9870565685488","15.2358357957491","0"
"97","97777","Vaupés","Papunaua ","7","2.70315386149173","0.556648828517398","0"
"97","97889","Vaupés","Yavaraté ","7","3.9480806083711","0.813011229900631","0"
"99","99001","Vichada","Puerto Carreño","5","257.400063197249","26.3185828653986","0"
"99","99524","Vichada","La Primavera","6","131.433297394736","13.4387617694762","0"
"99","99624","Vichada","Santa Rosalía","7","27.9054960703799","2.85327478791465","0"
"99","99773","Vichada","Cumaribo","3","561.277568134033","57.3893805772105","0"

